,Varname,Date,Index,N,date,f_date,period,value,GUNLAWNORC,PEWGUN,FIREARMSGALLUP,BANGUNSGALLUP,GUNABC,BANGUNSCBS,STRICTORCGALLUP,GUNSTRICTCBS,GUNABCHARRIS,BANGUNSPEW,GUNABCAP,HANDGUNGALLUP,STRICTORC,GUNABCYANK,FIREARMSNBC,BANGUNSABC,GUNDIF,HANDGUNS,GUNSTRICTGALLUP,HALLGUNS,GUNLAWY,HHANDGUN,mood,tone,pro,anti,stories,prev_mood,mood_diff,pro_max,anti_max,dom_pro,dom_anti,surge_pro_abs,surge_pro,surge_anti_abs,surge_anti,tone_surge,tone_surge_abs,tone_max_diff,tone_dom_diff,surge_diff,surge_diff_abs
147,GUNLAWNORC,2/15/93,78.53,312,1993-02-15,1993.12328767,58,0.7853,1,0,0,0,0,0,0,0,0,0,0,0,0,0,0,0,0,0,0,0,0,0,0.7853,0.474053433085,0.683516950213,0.209463517128,47.0,0.830949858133,-0.0456498581326,0.220159632185,0.051792816656,0.0940204868216,0.00585314116066,4.03733247342,0.0448771255386,1.00730732799,0.0139436360429,0.0220887883351,6.009784144,0.168366815529,0.0881673456609,0.0309334894956,3.03002514543
48,FIREARMSGALLUP,3/12/93,94.59,1007,1993-03-12,1993.19178082,61,0.9459,0,0,1,0,0,0,0,0,0,0,0,0,0,0,0,0,0,0,0,0,0,0,0.872346883258,0.433416158581,0.657416756726,0.224000598145,62.0,0.830303181879,0.0420437013784,0.285891095619,0.0820110462851,0.198877656735,0.0429772433784,11.3012379585,0.121172891264,3.53468669904,0.0422675034484,-0.0171484798553,9.299780933,0.203880049334,0.155900413357,0.0789053878157,7.76655125949
23,BANGUNSGALLUP,3/15/93,43.75,4,1993-03-15,1993.2,62,0.4375,0,0,0,1,0,0,0,0,0,0,0,0,0,0,0,0,0,0,0,0,0,0,0.877166959314,0.420459212306,0.652040349708,0.231581137403,72.0,0.830087583224,0.0470793760906,0.289859058325,0.0778164894548,0.210799169658,0.0360783261702,14.8854645588,0.123626068307,4.41717324448,0.0448827673364,-0.105040358278,11.355078745,0.212042568871,0.174720843487,0.0787433009711,10.4682913143
7,BANGUNSCBS,3/15/93,42.71,4,1993-03-15,1993.2,62,0.4271,0,0,0,0,0,1,0,0,0,0,0,0,0,0,0,0,0,0,0,0,0,0,0.826640843947,0.420459212306,0.652040349708,0.231581137403,72.0,0.830087583224,-0.00344673927696,0.289859058325,0.0778164894548,0.210799169658,0.0360783261702,14.8854645588,0.123626068307,4.41717324448,0.0448827673364,-0.105040358278,11.355078745,0.212042568871,0.174720843487,0.0787433009711,10.4682913143
148,GUNLAWNORC,4/15/93,84.12,743,1993-04-15,1993.28493151,66,0.8412,1,0,0,0,0,0,0,0,0,0,0,0,0,0,0,0,0,0,0,0,0,0,0.8412,0.370429738576,0.625461363818,0.255031625242,66.0,0.829225813875,0.0119741861255,0.28073576035,0.076514955152,0.206539733768,0.0294634642452,8.18105747044,0.0605761281657,2.6157246572,0.0247221384961,-0.103623694509,2.167851391,0.204220805198,0.177076269523,0.0358539896696,5.56533281324
187,GUNLAWY,8/12/93,61.29,500,1993-08-12,1993.6109589,83,0.6129,0,0,0,0,0,0,0,0,0,0,0,0,0,0,0,0,0,0,0,0,1,0,0.842483195325,0.474224191578,0.693116515556,0.218892323978,45.0,0.825620793773,0.0168624015518,0.206022053767,0.0421618177653,0.112552170477,0.0109811126042,1.98391670813,0.0416526277177,0.417589447607,0.00846834994286,0.0297836031254,2.673583906,0.163860236002,0.101571057873,0.0331842777748,1.56632726052
250,PEWGUN,12/2/93,62.64,1479,1993-12-02,1993.91780822,99,0.6264,0,1,0,0,0,0,0,0,0,0,0,0,0,0,0,0,0,0,0,0,0,0,0.823087000591,0.455058030011,0.669976188223,0.214918158213,188.0,0.822446448932,0.000640551659372,0.337180855416,0.079681642526,0.24748701352,0.0419878253184,44.032665049,0.101115785059,11.1134065602,0.0325262494196,-0.0212129923552,46.496685808,0.25749921289,0.205499188202,0.0685895356397,32.9192584888
8,BANGUNSCBS,12/5/93,50.0,1289,1993-12-05,1993.9260274,99,0.5,0,0,0,0,0,1,0,0,0,0,0,0,0,0,0,0,0,0,0,0,0,0,0.899540843947,0.455058030011,0.669976188223,0.214918158213,188.0,0.822446448932,0.0770943950148,0.337180855416,0.079681642526,0.24748701352,0.0419878253184,44.032665049,0.101115785059,11.1134065602,0.0325262494196,-0.0212129923552,46.496685808,0.25749921289,0.205499188202,0.0685895356397,32.9192584888
24,BANGUNSGALLUP,12/15/93,39.39,4,1993-12-15,1993.95342466,101,0.3939,0,0,0,1,0,0,0,0,0,0,0,0,0,0,0,0,0,0,0,0,0,0,0.833566959314,0.478076668991,0.682149594825,0.204072925835,212.0,0.822073889154,0.0114930701605,0.33277544305,0.0730055337204,0.233664813633,0.0376925291133,50.0476362527,0.127767866312,10.5304813666,0.0235386158993,0.0395052476206,57.495111689,0.259769909329,0.19597228452,0.104229250413,39.5171548861
37,BANGUNSPEW,12/15/93,46.88,4,1993-12-15,1993.95342466,101,0.4688,0,0,0,0,0,0,0,0,0,1,0,0,0,0,0,0,0,0,0,0,0,0,0.76014824158,0.478076668991,0.682149594825,0.204072925835,212.0,0.822073889154,-0.0619256475732,0.33277544305,0.0730055337204,0.233664813633,0.0376925291133,50.0476362527,0.127767866312,10.5304813666,0.0235386158993,0.0395052476206,57.495111689,0.259769909329,0.19597228452,0.104229250413,39.5171548861
251,PEWGUN,12/15/93,62.64,4,1993-12-15,1993.95342466,101,0.6264,0,1,0,0,0,0,0,0,0,0,0,0,0,0,0,0,0,0,0,0,0,0,0.823087000591,0.478076668991,0.682149594825,0.204072925835,212.0,0.822073889154,0.00101311143749,0.33277544305,0.0730055337204,0.233664813633,0.0376925291133,50.0476362527,0.127767866312,10.5304813666,0.0235386158993,0.0395052476206,57.495111689,0.259769909329,0.19597228452,0.104229250413,39.5171548861
210,GUNSTRICTGALLUP,12/17/93,93.51,1014,1993-12-17,1993.95890411,101,0.9351,0,0,0,0,0,0,0,0,0,0,0,0,0,0,0,0,0,0,1,0,0,0,0.834067821284,0.478076668991,0.682149594825,0.204072925835,212.0,0.822073889154,0.0119939321306,0.33277544305,0.0730055337204,0.233664813633,0.0376925291133,50.0476362527,0.127767866312,10.5304813666,0.0235386158993,0.0395052476206,57.495111689,0.259769909329,0.19597228452,0.104229250413,39.5171548861
49,FIREARMSGALLUP,12/17/93,90.54,1014,1993-12-17,1993.95890411,101,0.9054,0,0,1,0,0,0,0,0,0,0,0,0,0,0,0,0,0,0,0,0,0,0,0.831846883258,0.478076668991,0.682149594825,0.204072925835,212.0,0.822073889154,0.0097729941042,0.33277544305,0.0730055337204,0.233664813633,0.0376925291133,50.0476362527,0.127767866312,10.5304813666,0.0235386158993,0.0395052476206,57.495111689,0.259769909329,0.19597228452,0.104229250413,39.5171548861
222,HANDGUNGALLUP,12/17/93,81.82,1014,1993-12-17,1993.95890411,101,0.8182,0,0,0,0,0,0,0,0,0,0,0,1,0,0,0,0,0,0,0,0,0,0,0.849742890627,0.478076668991,0.682149594825,0.204072925835,212.0,0.822073889154,0.027669001473,0.33277544305,0.0730055337204,0.233664813633,0.0376925291133,50.0476362527,0.127767866312,10.5304813666,0.0235386158993,0.0395052476206,57.495111689,0.259769909329,0.19597228452,0.104229250413,39.5171548861
9,BANGUNSCBS,1/15/94,47.92,1146,1994-01-15,1994.03835616,105,0.4792,0,0,0,0,0,1,0,0,0,0,0,0,0,0,0,0,0,0,0,0,0,0,0.878740843947,0.396434139364,0.643914278509,0.247480139145,269.0,0.821348793142,0.0573920508041,0.210632632551,0.0555872565898,0.108516518501,0.0101216799518,13.5384838873,0.00985948628675,6.00990507797,0.0042713048654,-0.0581526277284,37.998181658,0.155045375961,0.0983948385488,0.00558818142135,7.52857880932
149,GUNLAWNORC,1/15/94,73.68,19,1994-01-15,1994.03835616,105,0.7368,1,0,0,0,0,0,0,0,0,0,0,0,0,0,0,0,0,0,0,0,0,0,0.7368,0.396434139364,0.643914278509,0.247480139145,269.0,0.821348793142,-0.0845487931425,0.210632632551,0.0555872565898,0.108516518501,0.0101216799518,13.5384838873,0.00985948628675,6.00990507797,0.0042713048654,-0.0581526277284,37.998181658,0.155045375961,0.0983948385488,0.00558818142135,7.52857880932
150,GUNLAWNORC,2/15/94,77.5,911,1994-02-15,1994.12328767,110,0.775,1,0,0,0,0,0,0,0,0,0,0,0,0,0,0,0,0,0,0,0,0,0,0.775,0.325497750432,0.606586356015,0.281088605583,206.0,0.82048327752,-0.0454832775199,0.1942245413,0.0747486869143,0.103079547818,0.0255962293955,2.42998938964,0.0151607783918,1.92426112701,0.0111864853737,-0.133136700188,-35.68158035,0.119475854385,0.0774833184221,0.00397429301804,0.505728262627
151,GUNLAWNORC,3/15/94,75.0,8,1994-03-15,1994.2,114,0.75,1,0,0,0,0,0,0,0,0,0,0,0,0,0,0,0,0,0,0,0,0,0,0.75,0.337045556635,0.606780379435,0.2697348228,170.0,0.819826396058,-0.0698263960578,0.234821535144,0.089251990631,0.153517021823,0.0470018677779,0.0,0.0,2.49988647834,0.0373136630534,-0.0403027788237,-34.775249224,0.145569544513,0.106515154045,-0.0373136630534,-2.49988647834
152,GUNLAWNORC,4/15/94,81.47,966,1994-04-15,1994.28493151,118,0.8147,1,0,0,0,0,0,0,0,0,0,0,0,0,0,0,0,0,0,0,0,0,0,0.8147,0.332499006963,0.602248858699,0.269749851736,163.0,0.819203278234,-0.00450327823416,0.203479033619,0.0741346294521,0.127134211791,0.0343610467873,2.86287056427,0.0273354936305,0.495689096572,0.00829450306644,0.00700125653115,-12.855198454,0.129344404167,0.0927731650036,0.019040990564,2.3671814677
153,GUNLAWNORC,5/15/94,71.7,53,1994-05-15,1994.36712329,122,0.717,1,0,0,0,0,0,0,0,0,0,0,0,0,0,0,0,0,0,0,0,0,0,0.717,0.323660964452,0.59266635352,0.269005389068,177.0,0.81861555431,-0.10161555431,0.256503499666,0.0946254038824,0.192368473321,0.0599336018135,5.48145846641,0.021681964522,4.22015530575,0.0234202973341,-0.0133845921833,-0.00975392,0.161878095784,0.132434871507,-0.00173833281207,1.26130316066
188,GUNSTRICTCBS,11/27/94,85.51,1120,1994-11-27,1994.90410959,150,0.8551,0,0,0,0,0,0,0,1,0,0,0,0,0,0,0,0,0,0,0,0,0,0,0.746683112523,0.343832230028,0.604532984028,0.260700754,71.0,0.815541521395,-0.0688584088719,0.268815556,0.104473470998,0.200359995675,0.0722947298744,0.282933608309,0.00911968030178,0.284660105733,0.0106730366715,0.0034706859529,-7.241535267,0.164342085002,0.128065265801,-0.00155335636977,-0.00172649742362
50,FIREARMSGALLUP,4/21/95,82.89,1008,1995-04-21,1995.30136986,171,0.8289,0,0,1,0,0,0,0,0,0,0,0,0,0,0,0,0,0,0,0,0,0,0,0.755346883258,0.304226119986,0.586114147719,0.281888027733,146.0,0.814322228983,-0.0589753457251,0.222416016756,0.104158525569,0.148102167004,0.064861307373,10.7550294464,-0.0136460375913,5.14528800012,-0.00520948239788,0.0409465723993,20.19529514,0.118257491187,0.0832408596307,-0.00843655519339,5.60974144631
10,BANGUNSCBS,4/25/95,49.47,596,1995-04-25,1995.31232877,172,0.4947,0,0,0,0,0,1,0,0,0,0,0,0,0,0,0,0,0,0,0,0,0,0,0.894240843947,0.290898431969,0.578564003852,0.287665571883,162.0,0.814282735457,0.0799581084891,0.215288260244,0.100397149102,0.150664382007,0.0622782846164,10.8276679035,-0.0137501231468,5.36923871803,-0.0033657026742,0.0155248841406,18.211323457,0.114891111142,0.0883860973909,-0.0103844204726,5.45842918545
51,FIREARMSGALLUP,6/6/95,85.92,1005,1995-06-06,1995.42739726,178,0.8592,0,0,1,0,0,0,0,0,0,0,0,0,0,0,0,0,0,0,0,0,0,0,0.785646883258,0.199979568482,0.533800945173,0.33382137669,168.0,0.814075257935,-0.0284283746774,0.205599490113,0.11416540317,0.141344830172,0.0598509818945,4.37674592,0.0180817322424,6.18651610122,0.0331755243468,-0.0988472284603,-7.94035727,0.0914340869426,0.081493848277,-0.0150937921044,-1.80977018121
154,GUNLAWNORC,2/15/96,81.41,866,1996-02-15,1996.12295082,214,0.8141,1,0,0,0,0,0,0,0,0,0,0,0,0,0,0,0,0,0,0,0,0,0,0.8141,0.264458680118,0.572420965588,0.307962285471,68.0,0.813628054497,0.000471945503387,0.1791770905,0.0912997638939,0.0899390657423,0.0408237681607,2.34652632055,0.0358972696935,0.583237835324,0.00899596148734,0.0592865366891,3.621140208,0.0878773266058,0.0491152975817,0.0269013082062,1.76328848522
11,BANGUNSCBS,2/22/96,48.45,1223,1996-02-22,1996.1420765,215,0.4845,0,0,0,0,0,1,0,0,0,0,0,0,0,0,0,0,0,0,0,0,0,0,0.884040843947,0.237804243342,0.55532172111,0.317517477767,73.0,0.813630375303,0.0704104686433,0.163950483027,0.0885078937468,0.0763228138518,0.0372500846197,2.17905828907,0.0240342979089,1.19401495424,0.0152932212939,-0.00772915977875,1.154505158,0.0754425892807,0.0390727292321,0.008741076615,0.985043334829
155,GUNLAWNORC,3/15/96,70.0,10,1996-03-15,1996.20218579,218,0.7,1,0,0,0,0,0,0,0,0,0,0,0,0,0,0,0,0,0,0,0,0,0,0.7,0.211189329143,0.532873687494,0.321684358351,77.0,0.813641196999,-0.113641196999,0.140843470759,0.0803677192155,0.0357142062691,0.0185170677576,3.91749888838,0.0445864459778,1.38013131089,0.0167822206561,-0.0399777660745,-1.068951226,0.060475751543,0.0171971385115,0.0278042253216,2.53736757749
156,GUNLAWNORC,4/15/96,82.68,912,1996-04-15,1996.28688525,223,0.8268,1,0,0,0,0,0,0,0,0,0,0,0,0,0,0,0,0,0,0,0,0,0,0.8268,0.221186722238,0.536282014336,0.315095292098,122.0,0.813671724031,0.0131282759688,0.241502333162,0.131604527003,0.168048562052,0.0842472226152,17.4948993848,0.0775518501349,9.59467605083,0.043096633256,-0.0166175211048,9.625070349,0.10989780616,0.0838013394369,0.0344552168789,7.90022333397
157,GUNLAWNORC,5/15/96,82.98,94,1996-05-15,1996.36885246,227,0.8298,1,0,0,0,0,0,0,0,0,0,0,0,0,0,0,0,0,0,0,0,0,0,0.8298,0.191458734736,0.54055714254,0.349098407805,87.0,0.813707018161,0.0160929818389,0.173718226646,0.10661658607,0.104797084773,0.0551951890165,2.73418262811,0.0362748003375,1.65447774345,0.0234164247592,-0.0439365859125,-8.765784708,0.0671016405758,0.049601895756,0.0128583755783,1.07970488466
52,FIREARMSGALLUP,9/20/96,87.14,1359,1996-09-20,1996.71857923,245,0.8714,0,0,1,0,0,0,0,0,0,0,0,0,0,0,0,0,0,0,0,0,0,0,0.797846883258,0.39604976345,0.636598482,0.24054871855,60.0,0.813979532911,-0.0161326496536,0.331241241116,0.109480485635,0.271970205026,0.0796984223823,3.02546299709,0.0759531885421,0.499106807884,0.0175149957833,-0.00421042044394,-2.65418633,0.22176075548,0.192271782644,0.0584381927589,2.5263561892
53,FIREARMSGALLUP,9/21/96,88.41,1325,1996-09-21,1996.72131148,245,0.8841,0,0,1,0,0,0,0,0,0,0,0,0,0,0,0,0,0,0,0,0,0,0,0.810546883258,0.39604976345,0.636598482,0.24054871855,60.0,0.813979532911,-0.00343264965364,0.331241241116,0.109480485635,0.271970205026,0.0796984223823,3.02546299709,0.0759531885421,0.499106807884,0.0175149957833,-0.00421042044394,-2.65418633,0.22176075548,0.192271782644,0.0584381927589,2.5263561892
54,FIREARMSGALLUP,9/22/96,87.5,1359,1996-09-22,1996.72404372,245,0.875,0,0,1,0,0,0,0,0,0,0,0,0,0,0,0,0,0,0,0,0,0,0,0.801446883258,0.39604976345,0.636598482,0.24054871855,60.0,0.813979532911,-0.0125326496536,0.331241241116,0.109480485635,0.271970205026,0.0796984223823,3.02546299709,0.0759531885421,0.499106807884,0.0175149957833,-0.00421042044394,-2.65418633,0.22176075548,0.192271782644,0.0584381927589,2.5263561892
226,HANDGUNS,11/15/96,46.46,1336,1996-11-15,1996.8715847,253,0.4646,0,0,0,0,0,0,0,0,0,0,0,0,0,0,0,0,0,1,0,0,0,0,0.852012961098,0.386133720161,0.63551784971,0.249384129548,62.0,0.814158110654,0.0378548504437,0.283459950885,0.085744799116,0.225562522821,0.0587519807735,1.05594924946,0.0166195070681,0.784241726294,0.0123626074736,-0.00991604328871,0.177304843,0.197715151769,0.166810542048,0.00425689959449,0.271707523161
227,HANDGUNS,12/15/96,40.82,186,1996-12-15,1996.95355191,257,0.4082,0,0,0,0,0,0,0,0,0,0,0,0,0,0,0,0,0,1,0,0,0,0,0.795612961098,0.381188601944,0.631097566324,0.24990896438,71.0,0.814260191918,-0.0186472308201,0.206107586613,0.0709800793591,0.0700512663383,0.021755651401,6.05431282917,0.0852720116785,3.82467515379,0.0538686641379,-0.0483447147746,-3.432474749,0.135127507254,0.0482956149373,0.0314033475406,2.22963767538
158,GUNLAWNORC,2/15/98,83.57,712,1998-02-15,1998.12328767,318,0.8357,1,0,0,0,0,0,0,0,0,0,0,0,0,0,0,0,0,0,0,0,0,0,0.8357,0.209528987739,0.543020825522,0.333491837783,23.0,0.816603389419,0.0190966105805,0.119372482833,0.0872883284455,0.0381272252766,0.0213994966632,0.0,0.0,0.170011420881,0.0338547434463,-0.0970901690942,-8.058837869,0.0320841543875,0.0167277286134,-0.0338547434463,-0.170011420881
159,GUNLAWNORC,3/15/98,83.33,6,1998-03-15,1998.2,322,0.8333,1,0,0,0,0,0,0,0,0,0,0,0,0,0,0,0,0,0,0,0,0,0,0.8333,0.258097171028,0.567219125,0.309121953972,36.0,0.81677560649,0.0165243935099,0.177702464798,0.0950552123704,0.08937164177,0.0465957143399,4.50861599636,0.120469957635,2.35646539154,0.0627666592251,0.026289270452,1.641837438,0.0826472524272,0.04277592743,0.0577032984102,2.15215060482
98,GUNABCHARRIS,4/15/98,75.0,4,1998-04-15,1998.28493151,327,0.75,0,0,0,0,0,0,0,0,1,0,0,0,0,0,0,0,0,0,0,0,0,0,0.885453497115,0.320118888367,0.603577008456,0.283458120089,79.0,0.816985007753,0.0684684893625,0.165742672764,0.08161177444,0.0739535773693,0.0408064561004,9.93308028488,0.0441814857077,4.26994703452,-0.00213373118452,0.133952218559,20.449058766,0.0841308983237,0.0331471212689,0.0463152168922,5.66313325035
160,GUNLAWNORC,4/15/98,83.84,947,1998-04-15,1998.28493151,327,0.8384,1,0,0,0,0,0,0,0,0,0,0,0,0,0,0,0,0,0,0,0,0,0,0.8384,0.320118888367,0.603577008456,0.283458120089,79.0,0.816985007753,0.0214149922473,0.165742672764,0.08161177444,0.0739535773693,0.0408064561004,9.93308028488,0.0441814857077,4.26994703452,-0.00213373118452,0.133952218559,20.449058766,0.0841308983237,0.0331471212689,0.0463152168922,5.66313325035
161,GUNLAWNORC,5/15/98,83.72,129,1998-05-15,1998.36712329,331,0.8372,1,0,0,0,0,0,0,0,0,0,0,0,0,0,0,0,0,0,0,0,0,0,0.8372,0.304678858202,0.593640163479,0.288961305277,94.0,0.817145973686,0.0200540263136,0.161502704704,0.0799003581437,0.0672212268582,0.0361700904399,7.96054923994,-0.0146120514486,3.68107497599,-0.0135035123324,0.0271142839582,17.259665127,0.0816023465607,0.0310511364183,-0.00110853911617,4.27947426395
162,GUNLAWNORC,6/15/98,76.74,43,1998-06-15,1998.45205479,336,0.7674,1,0,0,0,0,0,0,0,0,0,0,0,0,0,0,0,0,0,0,0,0,0,0.7674,0.290263756089,0.592186468884,0.301922712795,112.0,0.817336334327,-0.0499363343266,0.133308699626,0.0677073735226,0.0509125492504,0.0247749727797,2.94669497519,0.0101666732089,1.58462721115,0.0077265640496,-0.0455599433482,5.643644727,0.0656013261034,0.0261375764707,0.00244010915934,1.36206776404
223,HANDGUNGALLUP,2/8/99,80.61,1054,1999-02-08,1999.10410959,369,0.8061,0,0,0,0,0,0,0,0,0,0,0,1,0,0,0,0,0,0,0,0,0,0,0.837642890627,0.288880972637,0.592572538648,0.303691566011,91.0,0.818047070058,0.0195958205691,0.183269576426,0.101321494457,0.0918621824989,0.0440925910196,8.78616958434,0.110871761101,5.97306739121,0.0715307733159,-0.140378677133,-20.501133315,0.0819480819687,0.0477695914794,0.039340987785,2.81310219313
211,GUNSTRICTGALLUP,2/8/99,91.89,1054,1999-02-08,1999.10410959,369,0.9189,0,0,0,0,0,0,0,0,0,0,0,0,0,0,0,0,0,0,1,0,0,0,0.817867821284,0.288880972637,0.592572538648,0.303691566011,91.0,0.818047070058,-0.000179248773301,0.183269576426,0.101321494457,0.0918621824989,0.0440925910196,8.78616958434,0.110871761101,5.97306739121,0.0715307733159,-0.140378677133,-20.501133315,0.0819480819687,0.0477695914794,0.039340987785,2.81310219313
55,FIREARMSGALLUP,2/15/99,86.96,4,1999-02-15,1999.12328767,370,0.8696,0,0,1,0,0,0,0,0,0,0,0,0,0,0,0,0,0,0,0,0,0,0,0.796046883258,0.263772320274,0.575724304887,0.311951984613,106.0,0.81804758976,-0.0220007065017,0.178943574678,0.0973280444554,0.0867243304353,0.0355281219828,11.8096755285,0.103592591653,7.3613146708,0.0662179598083,-0.175976358747,-13.816258558,0.0816155302221,0.0511962084524,0.0373746318448,4.4483608577
25,BANGUNSGALLUP,2/15/99,34.69,4,1999-02-15,1999.12328767,370,0.3469,0,0,0,1,0,0,0,0,0,0,0,0,0,0,0,0,0,0,0,0,0,0,0.786566959314,0.263772320274,0.575724304887,0.311951984613,106.0,0.81804758976,-0.0314806304454,0.178943574678,0.0973280444554,0.0867243304353,0.0355281219828,11.8096755285,0.103592591653,7.3613146708,0.0662179598083,-0.175976358747,-13.816258558,0.0816155302221,0.0511962084524,0.0373746318448,4.4483608577
56,FIREARMSGALLUP,4/15/99,90.41,4,1999-04-15,1999.28493151,378,0.9041,0,0,1,0,0,0,0,0,0,0,0,0,0,0,0,0,0,0,0,0,0,0,0.830546883258,0.159792105011,0.507045147359,0.347253042348,184.0,0.817994377759,0.0125525054989,0.145606330483,0.0988148326314,0.0646289083221,0.0315847560308,17.0163249191,0.0533870862402,11.6311374221,0.0370149101588,-0.103980215263,1.441881373,0.0467914978511,0.0330441522913,0.0163721760814,5.38518749702
26,BANGUNSGALLUP,4/15/99,39.18,4,1999-04-15,1999.28493151,378,0.3918,0,0,0,1,0,0,0,0,0,0,0,0,0,0,0,0,0,0,0,0,0,0,0.831466959314,0.159792105011,0.507045147359,0.347253042348,184.0,0.817994377759,0.0134725815552,0.145606330483,0.0988148326314,0.0646289083221,0.0315847560308,17.0163249191,0.0533870862402,11.6311374221,0.0370149101588,-0.103980215263,1.441881373,0.0467914978511,0.0330441522913,0.0163721760814,5.38518749702
92,GUNABCAP,4/15/99,61.8,4,1999-04-15,1999.28493151,378,0.618,0,0,0,0,0,0,0,0,0,0,1,0,0,0,0,0,0,0,0,0,0,0,0.792081127853,0.159792105011,0.507045147359,0.347253042348,184.0,0.817994377759,-0.0259132499059,0.145606330483,0.0988148326314,0.0646289083221,0.0315847560308,17.0163249191,0.0533870862402,11.6311374221,0.0370149101588,-0.103980215263,1.441881373,0.0467914978511,0.0330441522913,0.0163721760814,5.38518749702
12,BANGUNSCBS,4/22/99,44.79,450,1999-04-22,1999.30410959,379,0.4479,0,0,0,0,0,1,0,0,0,0,0,0,0,0,0,0,0,0,0,0,0,0,0.847440843947,0.216551909288,0.537145196367,0.320593287079,215.0,0.817980259649,0.0294605842976,0.160692962106,0.0910927755646,0.0820375761788,0.0335386573284,22.4865169082,0.0584686405421,10.7182573828,0.0159513402802,-0.00529383194892,20.380863031,0.0696001865409,0.0484989188504,0.042517300262,11.7682595254
93,GUNABCAP,4/28/99,67.37,1006,1999-04-28,1999.32054795,380,0.6737,0,0,0,0,0,0,0,0,0,0,1,0,0,0,0,0,0,0,0,0,0,0,0.847781127853,0.301410943055,0.584152606838,0.282741663783,290.0,0.817964424588,0.0298167032648,0.186301921849,0.0820124320063,0.110088532045,0.0389145311924,39.4443280582,0.0667672556366,13.8383464585,0.000493917061126,0.109530521309,63.999762033,0.104289489842,0.0711740008526,0.0662733385755,25.6059815997
252,PEWGUN,5/12/99,68.42,1179,1999-05-12,1999.35890411,382,0.6842,0,1,0,0,0,0,0,0,0,0,0,0,0,0,0,0,0,0,0,0,0,0,0.880887000591,0.365286867731,0.616703922876,0.251417055145,379.0,0.817927545889,0.0629594547022,0.243670860975,0.0794400583739,0.173496046938,0.0462757700248,73.151801245,0.113944813241,16.2313339559,-0.0143197265437,0.205695899028,114.824259502,0.164230802601,0.127220276914,0.128264539785,56.9204672891
94,GUNABCAP,5/15/99,67.02,4,1999-05-15,1999.36712329,382,0.6702,0,0,0,0,0,0,0,0,0,0,1,0,0,0,0,0,0,0,0,0,0,0,0.844281127853,0.365286867731,0.616703922876,0.251417055145,379.0,0.817927545889,0.0263535819641,0.243670860975,0.0794400583739,0.173496046938,0.0462757700248,73.151801245,0.113944813241,16.2313339559,-0.0143197265437,0.205695899028,114.824259502,0.164230802601,0.127220276914,0.128264539785,56.9204672891
38,BANGUNSPEW,5/15/99,46.81,4,1999-05-15,1999.36712329,382,0.4681,0,0,0,0,0,0,0,0,0,1,0,0,0,0,0,0,0,0,0,0,0,0,0.75944824158,0.365286867731,0.616703922876,0.251417055145,379.0,0.817927545889,-0.0584793043085,0.243670860975,0.0794400583739,0.173496046938,0.0462757700248,73.151801245,0.113944813241,16.2313339559,-0.0143197265437,0.205695899028,114.824259502,0.164230802601,0.127220276914,0.128264539785,56.9204672891
253,PEWGUN,5/15/99,68.42,4,1999-05-15,1999.36712329,382,0.6842,0,1,0,0,0,0,0,0,0,0,0,0,0,0,0,0,0,0,0,0,0,0,0.880887000591,0.365286867731,0.616703922876,0.251417055145,379.0,0.817927545889,0.0629594547022,0.243670860975,0.0794400583739,0.173496046938,0.0462757700248,73.151801245,0.113944813241,16.2313339559,-0.0143197265437,0.205695899028,114.824259502,0.164230802601,0.127220276914,0.128264539785,56.9204672891
57,FIREARMSGALLUP,5/15/99,92.86,4,1999-05-15,1999.36712329,382,0.9286,0,0,1,0,0,0,0,0,0,0,0,0,0,0,0,0,0,0,0,0,0,0,0.855046883258,0.365286867731,0.616703922876,0.251417055145,379.0,0.817927545889,0.0371193373689,0.243670860975,0.0794400583739,0.173496046938,0.0462757700248,73.151801245,0.113944813241,16.2313339559,-0.0143197265437,0.205695899028,114.824259502,0.164230802601,0.127220276914,0.128264539785,56.9204672891
80,GUNABC,5/16/99,68.37,761,1999-05-16,1999.36986301,382,0.6837,0,0,0,0,1,0,0,0,0,0,0,0,0,0,0,0,0,0,0,0,0,0,0.867124059044,0.365286867731,0.616703922876,0.251417055145,379.0,0.817927545889,0.0491965131547,0.243670860975,0.0794400583739,0.173496046938,0.0462757700248,73.151801245,0.113944813241,16.2313339559,-0.0143197265437,0.205695899028,114.824259502,0.164230802601,0.127220276914,0.128264539785,56.9204672891
105,GUNABCYANK,5/26/99,64.58,1017,1999-05-26,1999.39726027,384,0.6458,0,0,0,0,0,0,0,0,0,0,0,0,0,1,0,0,0,0,0,0,0,0,0.822692864784,0.392680758604,0.629093471249,0.236412712645,482.0,0.817883636753,0.004809228031,0.284378288841,0.0858443840189,0.221318412187,0.0588460982112,116.390082585,0.154313806853,27.3358359628,-0.00246478034786,0.231983978465,163.721337605,0.198533904822,0.162472313976,0.156778587201,89.0542466224
254,PEWGUN,6/9/99,65.26,1153,1999-06-09,1999.43561644,386,0.6526,0,1,0,0,0,0,0,0,0,0,0,0,0,0,0,0,0,0,0,0,0,0,0.849287000591,0.422550462106,0.646271421004,0.223720958898,530.0,0.817832609823,0.0314543907685,0.299381752565,0.0812605887205,0.238064009927,0.0564906129175,131.88076405,0.153775422082,24.8861828177,-0.0175542439109,0.262758357095,194.549997594,0.218121163844,0.181573397009,0.171329665993,106.994581233
255,PEWGUN,6/15/99,65.26,4,1999-06-15,1999.45205479,387,0.6526,0,1,0,0,0,0,0,0,0,0,0,0,0,0,0,0,0,0,0,0,0,0,0.849287000591,0.422729595849,0.642720978361,0.219991382512,582.0,0.817804404909,0.0314825956824,0.317719782638,0.0885889991177,0.258238916693,0.0653485916535,150.363926643,0.157026820533,31.9738507401,-0.00250377644695,0.20617768656,199.469964287,0.22913078352,0.19289032504,0.159530596979,118.390075903
99,GUNABCHARRIS,6/15/99,71.59,4,1999-06-15,1999.45205479,387,0.7159,0,0,0,0,0,0,0,0,1,0,0,0,0,0,0,0,0,0,0,0,0,0,0.851353497115,0.422729595849,0.642720978361,0.219991382512,582.0,0.817804404909,0.0335490922065,0.317719782638,0.0885889991177,0.258238916693,0.0653485916535,150.363926643,0.157026820533,31.9738507401,-0.00250377644695,0.20617768656,199.469964287,0.22913078352,0.19289032504,0.159530596979,118.390075903
58,FIREARMSGALLUP,6/15/99,91.18,4,1999-06-15,1999.45205479,387,0.9118,0,0,1,0,0,0,0,0,0,0,0,0,0,0,0,0,0,0,0,0,0,0,0.838246883258,0.422729595849,0.642720978361,0.219991382512,582.0,0.817804404909,0.0204424783491,0.317719782638,0.0885889991177,0.258238916693,0.0653485916535,150.363926643,0.157026820533,31.9738507401,-0.00250377644695,0.20617768656,199.469964287,0.22913078352,0.19289032504,0.159530596979,118.390075903
106,GUNABCYANK,7/15/99,62.89,4,1999-07-15,1999.53424658,391,0.6289,0,0,0,0,0,0,0,0,0,0,0,0,0,1,0,0,0,0,0,0,0,0,0.805792864784,0.431323592295,0.647358797702,0.216035205407,420.0,0.817673497464,-0.0118806326808,0.306549288081,0.0891187261128,0.242597622534,0.0648279393224,5.86328334966,0.0173076221028,0.0,0.0,0.0515846375856,7.235467507,0.217430561968,0.177769683211,0.0173076221028,5.86328334966
189,GUNSTRICTCBS,8/1/99,91.43,1165,1999-08-01,1999.58082192,393,0.9143,0,0,0,0,0,0,0,1,0,0,0,0,0,0,0,0,0,0,0,0,0,0,0.805883112523,0.444085863931,0.651941552886,0.207855688955,376.0,0.817597143463,-0.0117140309402,0.302184415079,0.0889793722328,0.235653596302,0.0669933826725,3.61070916453,0.0210254279914,0.0,0.0,0.0312521303468,-34.486577151,0.213205042846,0.168660213629,0.0210254279914,3.61070916453
13,BANGUNSCBS,8/1/99,34.38,1165,1999-08-01,1999.58082192,393,0.3438,0,0,0,0,0,1,0,0,0,0,0,0,0,0,0,0,0,0,0,0,0,0,0.743340843947,0.444085863931,0.651941552886,0.207855688955,376.0,0.817597143463,-0.0742562995168,0.302184415079,0.0889793722328,0.235653596302,0.0669933826725,3.61070916453,0.0210254279914,0.0,0.0,0.0312521303468,-34.486577151,0.213205042846,0.168660213629,0.0210254279914,3.61070916453
81,GUNABC,8/11/99,64.58,1023,1999-08-11,1999.60821918,395,0.6458,0,0,0,0,1,0,0,0,0,0,0,0,0,0,0,0,0,0,0,0,0,0,0.829224059044,0.454339657576,0.667383952877,0.213044295301,276.0,0.817513517074,0.0117105419693,0.250857905566,0.0694847669254,0.176924485232,0.0442993166048,0.0,0.0,0.0,0.0,0.0316100617273,-120.630879293,0.18137313864,0.132625168627,0.0,0.0
190,GUNSTRICTCBS,8/15/99,93.06,736,1999-08-15,1999.61917808,395,0.9306,0,0,0,0,0,0,0,1,0,0,0,0,0,0,0,0,0,0,0,0,0,0,0.822183112523,0.454339657576,0.667383952877,0.213044295301,276.0,0.817513517074,0.00466959544882,0.250857905566,0.0694847669254,0.176924485232,0.0442993166048,0.0,0.0,0.0,0.0,0.0316100617273,-120.630879293,0.18137313864,0.132625168627,0.0,0.0
59,FIREARMSGALLUP,8/15/99,91.67,4,1999-08-15,1999.61917808,395,0.9167,0,0,1,0,0,0,0,0,0,0,0,0,0,0,0,0,0,0,0,0,0,0,0.843146883258,0.454339657576,0.667383952877,0.213044295301,276.0,0.817513517074,0.0256333661836,0.250857905566,0.0694847669254,0.176924485232,0.0442993166048,0.0,0.0,0.0,0.0,0.0316100617273,-120.630879293,0.18137313864,0.132625168627,0.0,0.0
14,BANGUNSCBS,8/15/99,36.46,736,1999-08-15,1999.61917808,395,0.3646,0,0,0,0,0,1,0,0,0,0,0,0,0,0,0,0,0,0,0,0,0,0,0.764140843947,0.454339657576,0.667383952877,0.213044295301,276.0,0.817513517074,-0.0533726731277,0.250857905566,0.0694847669254,0.176924485232,0.0442993166048,0.0,0.0,0.0,0.0,0.0316100617273,-120.630879293,0.18137313864,0.132625168627,0.0,0.0
95,GUNABCAP,8/15/99,58.95,4,1999-08-15,1999.61917808,395,0.5895,0,0,0,0,0,0,0,0,0,0,1,0,0,0,0,0,0,0,0,0,0,0,0.763581127853,0.454339657576,0.667383952877,0.213044295301,276.0,0.817513517074,-0.0539323892213,0.250857905566,0.0694847669254,0.176924485232,0.0442993166048,0.0,0.0,0.0,0.0,0.0316100617273,-120.630879293,0.18137313864,0.132625168627,0.0,0.0
96,GUNABCAP,8/27/99,58.95,1026,1999-08-27,1999.65205479,397,0.5895,0,0,0,0,0,0,0,0,0,0,1,0,0,0,0,0,0,0,0,0,0,0,0.763581127853,0.428564345186,0.661356953015,0.23279260783,264.0,0.817422640207,-0.0538415123544,0.218744412172,0.0612396648639,0.138961821544,0.0296333655271,2.82736405182,0.0453114377469,0.527416850016,0.0130916580793,0.0129849352196,-106.700520743,0.157504747308,0.109328456017,0.0322197796676,2.29994720181
82,GUNABC,8/30/99,59.09,1526,1999-08-30,1999.66027397,398,0.5909,0,0,0,0,1,0,0,0,0,0,0,0,0,0,0,0,0,0,0,0,0,0,0.774324059044,0.411579652328,0.651979663836,0.240400011508,262.0,0.817374495441,-0.0430504363979,0.222566826254,0.0625614922066,0.142911763646,0.0298672260675,1.92423025601,0.0211486759128,1.0912391586,0.00900560941722,-0.00687511718474,-85.492234605,0.160005334047,0.113044537579,0.0121430664956,0.832991097401
0,BANGUNSABC,9/7/99,32.99,4,1999-09-07,1999.68219178,399,0.3299,0,0,0,0,0,0,0,0,0,0,0,0,0,0,0,1,0,0,0,0,0,0,0.753397553564,0.385388728157,0.638538177114,0.253149448958,236.0,0.8173245558,-0.0639270022362,0.205585996248,0.0634735440083,0.124704536765,0.0272778224061,1.79989100596,0.0237070583472,1.38397179059,0.0110118692074,-0.0459348641385,-90.204168919,0.14211245224,0.0974267143591,0.0126951891399,0.415919215372
39,BANGUNSPEW,9/15/99,47.92,4,1999-09-15,1999.70410959,400,0.4792,0,0,0,0,0,0,0,0,0,1,0,0,0,0,0,0,0,0,0,0,0,0,0.77054824158,0.38987968027,0.640708248528,0.250828568258,252.0,0.817272829928,-0.0467245883473,0.204831829138,0.063356211332,0.125155592938,0.0270357849569,2.16407656469,0.0207049176728,0.996178569818,0.00809734235646,-0.0489924182353,-72.910438989,0.141475617806,0.0981198079807,0.0126075753163,1.16789799487
60,FIREARMSGALLUP,12/15/99,85.71,4,1999-12-15,1999.95342466,413,0.8571,0,0,1,0,0,0,0,0,0,0,0,0,0,0,0,0,0,0,0,0,0,0,0.783546883258,0.350166417449,0.617531455231,0.267365037782,147.0,0.816444074175,-0.0328971909174,0.171537202076,0.0576771837843,0.0896473667205,0.000600141865854,0.799057283846,0.0230482201019,0.479296940179,0.0156580459926,-0.0297488200013,-21.089346988,0.113860018291,0.0890472248546,0.00739017410929,0.319760343667
107,GUNABCYANK,1/12/00,62.77,1564,2000-01-12,2000.03005464,417,0.6277,0,0,0,0,0,0,0,0,0,0,0,0,0,1,0,0,0,0,0,0,0,0,0.804592864784,0.364556357338,0.620690186519,0.256133829182,154.0,0.816134594503,-0.0115417297196,0.190322944891,0.0643355600298,0.115618938653,0.00829596155526,5.06910681606,0.0146662296942,2.56655571617,0.0111390344616,-0.0123711503073,4.125682975,0.125987384862,0.107322977098,0.00352719523263,2.50255109989
224,HANDGUNGALLUP,1/13/00,73.74,1027,2000-01-13,2000.03278689,417,0.7374,0,0,0,0,0,0,0,0,0,0,0,1,0,0,0,0,0,0,0,0,0,0,0.768942890627,0.364556357338,0.620690186519,0.256133829182,154.0,0.816134594503,-0.0471917038766,0.190322944891,0.0643355600298,0.115618938653,0.00829596155526,5.06910681606,0.0146662296942,2.56655571617,0.0111390344616,-0.0123711503073,4.125682975,0.125987384862,0.107322977098,0.00352719523263,2.50255109989
108,GUNABCYANK,1/15/00,62.11,4,2000-01-15,2000.03825137,417,0.6211,0,0,0,0,0,0,0,0,0,0,0,0,0,1,0,0,0,0,0,0,0,0,0.797992864784,0.364556357338,0.620690186519,0.256133829182,154.0,0.816134594503,-0.0181417297196,0.190322944891,0.0643355600298,0.115618938653,0.00829596155526,5.06910681606,0.0146662296942,2.56655571617,0.0111390344616,-0.0123711503073,4.125682975,0.125987384862,0.107322977098,0.00352719523263,2.50255109989
163,GUNLAWNORC,2/15/00,78.4,449,2000-02-15,2000.12295082,422,0.784,1,0,0,0,0,0,0,0,0,0,0,0,0,0,0,0,0,0,0,0,0,0,0.784,0.422050991994,0.642050878,0.219999886006,180.0,0.815715838247,-0.0317158382468,0.274819930695,0.0821977596707,0.198502627783,0.052019923842,25.8867511453,0.114406077771,6.40173646355,0.0250966693498,0.0700534993482,24.22554714,0.192622171024,0.146482703941,0.0893094084215,19.4850146818
164,GUNLAWNORC,3/15/00,85.71,14,2000-03-15,2000.20218579,426,0.8571,1,0,0,0,0,0,0,0,0,0,0,0,0,0,0,0,0,0,0,0,0,0,0.8571,0.448741226585,0.660788311223,0.212047084638,287.0,0.815357677778,0.0417423222223,0.301285139585,0.0786121058772,0.234041970056,0.050288442818,54.085612837,0.102615064592,11.5766366537,0.0112192363491,0.0844808545547,69.414291389,0.222673033708,0.183753527238,0.0913958282427,42.5089761833
40,BANGUNSPEW,3/15/00,50.0,4,2000-03-15,2000.20218579,426,0.5,0,0,0,0,0,0,0,0,0,1,0,0,0,0,0,0,0,0,0,0,0,0,0.79134824158,0.448741226585,0.660788311223,0.212047084638,287.0,0.815357677778,-0.0240094361973,0.301285139585,0.0786121058772,0.234041970056,0.050288442818,54.085612837,0.102615064592,11.5766366537,0.0112192363491,0.0844808545547,69.414291389,0.222673033708,0.183753527238,0.0913958282427,42.5089761833
256,PEWGUN,3/15/00,69.47,1184,2000-03-15,2000.20218579,426,0.6947,0,1,0,0,0,0,0,0,0,0,0,0,0,0,0,0,0,0,0,0,0,0,0.891387000591,0.448741226585,0.660788311223,0.212047084638,287.0,0.815357677778,0.0760293228134,0.301285139585,0.0786121058772,0.234041970056,0.050288442818,54.085612837,0.102615064592,11.5766366537,0.0112192363491,0.0844808545547,69.414291389,0.222673033708,0.183753527238,0.0913958282427,42.5089761833
15,BANGUNSCBS,3/19/00,35.05,1221,2000-03-19,2000.21311475,426,0.3505,0,0,0,0,0,1,0,0,0,0,0,0,0,0,0,0,0,0,0,0,0,0,0.750040843947,0.448741226585,0.660788311223,0.212047084638,287.0,0.815357677778,-0.0653168338312,0.301285139585,0.0786121058772,0.234041970056,0.050288442818,54.085612837,0.102615064592,11.5766366537,0.0112192363491,0.0844808545547,69.414291389,0.222673033708,0.183753527238,0.0913958282427,42.5089761833
191,GUNSTRICTCBS,3/19/00,92.86,1221,2000-03-19,2000.21311475,426,0.9286,0,0,0,0,0,0,0,1,0,0,0,0,0,0,0,0,0,0,0,0,0,0,0.820183112523,0.448741226585,0.660788311223,0.212047084638,287.0,0.815357677778,0.00482543474538,0.301285139585,0.0786121058772,0.234041970056,0.050288442818,54.085612837,0.102615064592,11.5766366537,0.0112192363491,0.0844808545547,69.414291389,0.222673033708,0.183753527238,0.0913958282427,42.5089761833
83,GUNABC,3/30/00,59.04,1083,2000-03-30,2000.2431694,428,0.5904,0,0,0,0,1,0,0,0,0,0,0,0,0,0,0,0,0,0,0,0,0,0,0.773824059044,0.412183986271,0.643285084658,0.231101098388,325.0,0.815171593847,-0.0413475348036,0.265240829039,0.0797000415397,0.19852136235,0.0503156324437,41.7231353021,0.00960787423709,12.6993469688,0.0038197741167,-0.0011996997982,62.031034162,0.185540787499,0.148205729906,0.00578810012039,29.0237883333
61,FIREARMSGALLUP,4/15/00,89.71,4,2000-04-15,2000.28688525,430,0.8971,0,0,1,0,0,0,0,0,0,0,0,0,0,0,0,0,0,0,0,0,0,0,0.823546883258,0.434751448923,0.654603067952,0.219851619029,376.0,0.814981201399,0.00856568185839,0.266187835458,0.0790650843566,0.201900485606,0.0555313578711,50.6190386072,-0.00863209523669,14.9328749773,-0.00313267531416,0.0127004569284,87.497366236,0.187122751102,0.146369127735,-0.00549941992253,35.6861636299
97,GUNABCAP,4/15/00,66.67,4,2000-04-15,2000.28688525,430,0.6667,0,0,0,0,0,0,0,0,0,0,1,0,0,0,0,0,0,0,0,0,0,0,0.840781127853,0.434751448923,0.654603067952,0.219851619029,376.0,0.814981201399,0.0257999264536,0.266187835458,0.0790650843566,0.201900485606,0.0555313578711,50.6190386072,-0.00863209523669,14.9328749773,-0.00313267531416,0.0127004569284,87.497366236,0.187122751102,0.146369127735,-0.00549941992253,35.6861636299
165,GUNLAWNORC,4/15/00,82.41,1063,2000-04-15,2000.28688525,430,0.8241,1,0,0,0,0,0,0,0,0,0,0,0,0,0,0,0,0,0,0,0,0,0,0.8241,0.434751448923,0.654603067952,0.219851619029,376.0,0.814981201399,0.00911879860053,0.266187835458,0.0790650843566,0.201900485606,0.0555313578711,50.6190386072,-0.00863209523669,14.9328749773,-0.00313267531416,0.0127004569284,87.497366236,0.187122751102,0.146369127735,-0.00549941992253,35.6861636299
225,HANDGUNGALLUP,4/28/00,77.55,1003,2000-04-28,2000.32240437,432,0.7755,0,0,0,0,0,0,0,0,0,0,0,1,0,0,0,0,0,0,0,0,0,0,0.807042890627,0.411049588263,0.641898662695,0.230849074432,361.0,0.814786776286,-0.00774388565919,0.250485788754,0.0821540037525,0.186153017782,0.0560606882281,32.875177155,-0.0316229984284,14.0188982986,0.00549372406587,-0.0333797252221,57.725321412,0.168331785002,0.130092329554,-0.0371167224943,18.8562788565
257,PEWGUN,5/2/00,60.0,1303,2000-05-02,2000.33333333,433,0.6,0,1,0,0,0,0,0,0,0,0,0,0,0,0,0,0,0,0,0,0,0,0,0.796687000591,0.408511032983,0.639438195122,0.230927162139,360.0,0.814688138444,-0.018001137853,0.24634676689,0.0852812244429,0.172329459926,0.0620537683043,24.7814400941,-0.0415063681835,13.1512499395,0.00622721156012,-0.0245012786878,50.935238683,0.161065542447,0.110275691622,-0.0477335797436,11.6301901546
62,FIREARMSGALLUP,5/5/00,92.54,1031,2000-05-05,2000.34153005,433,0.9254,0,0,1,0,0,0,0,0,0,0,0,0,0,0,0,0,0,0,0,0,0,0,0.851846883258,0.408511032983,0.639438195122,0.230927162139,360.0,0.814688138444,0.0371587448137,0.24634676689,0.0852812244429,0.172329459926,0.0620537683043,24.7814400941,-0.0415063681835,13.1512499395,0.00622721156012,-0.0245012786878,50.935238683,0.161065542447,0.110275691622,-0.0477335797436,11.6301901546
84,GUNABC,5/7/00,68.37,1068,2000-05-07,2000.34699454,433,0.6837,0,0,0,0,1,0,0,0,0,0,0,0,0,0,0,0,0,0,0,0,0,0,0.867124059044,0.408511032983,0.639438195122,0.230927162139,360.0,0.814688138444,0.0524359205995,0.24634676689,0.0852812244429,0.172329459926,0.0620537683043,24.7814400941,-0.0415063681835,13.1512499395,0.00622721156012,-0.0245012786878,50.935238683,0.161065542447,0.110275691622,-0.0477335797436,11.6301901546
1,BANGUNSABC,5/7/00,39.18,1068,2000-05-07,2000.34699454,433,0.3918,0,0,0,0,0,0,0,0,0,0,0,0,0,0,0,1,0,0,0,0,0,0,0.815297553564,0.408511032983,0.639438195122,0.230927162139,360.0,0.814688138444,0.000609415119708,0.24634676689,0.0852812244429,0.172329459926,0.0620537683043,24.7814400941,-0.0415063681835,13.1512499395,0.00622721156012,-0.0245012786878,50.935238683,0.161065542447,0.110275691622,-0.0477335797436,11.6301901546
192,GUNSTRICTCBS,5/10/00,95.95,947,2000-05-10,2000.35519126,434,0.9595,0,0,0,0,0,0,0,1,0,0,0,0,0,0,0,0,0,0,0,0,0,0,0.851083112523,0.397155494239,0.636260264685,0.239104770447,356.0,0.814588597009,0.0364945155146,0.209817085303,0.0780367024441,0.0984791845357,0.0391883907334,26.2273597034,0.0646168799667,9.48917026562,0.0237234730229,-0.0515857323466,12.598623919,0.131780382859,0.0592907938023,0.0408934069438,16.7381894378
166,GUNLAWNORC,5/15/00,82.23,242,2000-05-15,2000.36885246,435,0.8223,1,0,0,0,0,0,0,0,0,0,0,0,0,0,0,0,0,0,0,0,0,0,0.8223,0.394214252249,0.637985414902,0.243771162653,378.0,0.81448818699,0.0078118130096,0.198895805244,0.0754892594737,0.0675418831534,0.0278368959293,32.6059982419,0.0756487446123,12.0563370937,0.0281874735901,-0.0224457402186,21.515029655,0.12340654577,0.039704987224,0.0474612710222,20.5496611481
258,PEWGUN,5/15/00,60.0,4,2000-05-15,2000.36885246,435,0.6,0,1,0,0,0,0,0,0,0,0,0,0,0,0,0,0,0,0,0,0,0,0,0.796687000591,0.394214252249,0.637985414902,0.243771162653,378.0,0.81448818699,-0.0178011863993,0.198895805244,0.0754892594737,0.0675418831534,0.0278368959293,32.6059982419,0.0756487446123,12.0563370937,0.0281874735901,-0.0224457402186,21.515029655,0.12340654577,0.039704987224,0.0474612710222,20.5496611481
100,GUNABCHARRIS,5/15/00,69.23,4,2000-05-15,2000.36885246,435,0.6923,0,0,0,0,0,0,0,0,1,0,0,0,0,0,0,0,0,0,0,0,0,0,0.827753497115,0.394214252249,0.637985414902,0.243771162653,378.0,0.81448818699,0.0132653101249,0.198895805244,0.0754892594737,0.0675418831534,0.0278368959293,32.6059982419,0.0756487446123,12.0563370937,0.0281874735901,-0.0224457402186,21.515029655,0.12340654577,0.039704987224,0.0474612710222,20.5496611481
27,BANGUNSGALLUP,6/15/00,36.73,4,2000-06-15,2000.45355191,439,0.3673,0,0,0,1,0,0,0,0,0,0,0,0,0,0,0,0,0,0,0,0,0,0,0.806966959314,0.331860913759,0.60975116801,0.277890254251,291.0,0.81407856075,-0.00711160143564,0.161205914745,0.0677452459272,0.0137350231459,0.00460545662291,17.5896784956,0.0827027305767,10.5480567349,0.0431254109087,-0.0994350350922,-72.065190097,0.093460668818,0.00912956652301,0.039577319668,7.04162176067
167,GUNLAWNORC,6/15/00,93.02,43,2000-06-15,2000.45355191,439,0.9302,1,0,0,0,0,0,0,0,0,0,0,0,0,0,0,0,0,0,0,0,0,0,0.9302,0.331860913759,0.60975116801,0.277890254251,291.0,0.81407856075,0.11612143925,0.161205914745,0.0677452459272,0.0137350231459,0.00460545662291,17.5896784956,0.0827027305767,10.5480567349,0.0431254109087,-0.0994350350922,-72.065190097,0.093460668818,0.00912956652301,0.039577319668,7.04162176067
193,GUNSTRICTCBS,8/4/00,93.94,1139,2000-08-04,2000.59016393,446,0.9394,0,0,0,0,0,0,0,1,0,0,0,0,0,0,0,0,0,0,0,0,0,0,0.830983112523,0.341976274956,0.608417383434,0.266441108478,113.0,0.813336299694,0.0176468128287,0.15500609177,0.0695877752109,0.0743071789086,0.0332393624033,0.0,0.0,0.0,0.0,0.00988750672448,-63.307932777,0.0854183165594,0.0410678165053,0.0,0.0
28,BANGUNSGALLUP,8/29/00,36.73,4,2000-08-29,2000.65846995,450,0.3673,0,0,0,1,0,0,0,0,0,0,0,0,0,0,0,0,0,0,0,0,0,0,0.806966959314,0.386793561237,0.637894982465,0.251101421228,114.0,0.812901342729,-0.00593438341531,0.174083453869,0.0752100328656,0.0952791681615,0.0481959370577,0.735268628857,0.0192618293904,0.0,0.0,0.0861351427823,-18.743143476,0.098873421003,0.0470832311038,0.0192618293904,0.735268628857
194,GUNSTRICTCBS,10/29/00,89.55,1396,2000-10-29,2000.82513661,458,0.8955,0,0,0,0,0,0,0,1,0,0,0,0,0,0,0,0,0,0,0,0,0,0,0.787083112523,0.432591304813,0.648951856319,0.216360551507,144.0,0.812017550706,-0.0249344381829,0.254475224166,0.0768281270941,0.178156472245,0.0510665936373,16.7989185389,0.0803917702978,2.48930655487,0.0016180942285,0.0457977435757,18.198681912,0.177647097072,0.127089878607,0.0787736760693,14.3096119841
288,STRICTORCGALLUP,1/10/01,79.41,1004,2001-01-10,2001.02465753,469,0.7941,0,0,0,0,0,0,1,0,0,0,0,0,0,0,0,0,0,0,0,0,0,0,0.7866866211,0.336303946,0.607035830747,0.270731884747,75.0,0.810795141508,-0.0241085204087,0.145810153065,0.0593860524889,0.0422395568711,0.015387143846,2.25330781398,0.0587373693601,1.41102157158,0.0256797031632,-0.075471549626,-25.425590012,0.086424100576,0.0268524130251,0.0330576661969,0.842286242407
85,GUNABC,1/11/01,54.12,1513,2001-01-11,2001.02739726,469,0.5412,0,0,0,0,1,0,0,0,0,0,0,0,0,0,0,0,0,0,0,0,0,0,0.724624059044,0.336303946,0.607035830747,0.270731884747,75.0,0.810795141508,-0.0861710824647,0.145810153065,0.0593860524889,0.0422395568711,0.015387143846,2.25330781398,0.0587373693601,1.41102157158,0.0256797031632,-0.075471549626,-25.425590012,0.086424100576,0.0268524130251,0.0330576661969,0.842286242407
101,GUNABCHARRIS,3/22/01,73.81,1011,2001-03-22,2001.21917808,479,0.7381,0,0,0,0,0,0,0,0,1,0,0,0,0,0,0,0,0,0,0,0,0,0,0.873553497115,0.328556377187,0.606058372594,0.277501995406,64.0,0.809701810246,0.0638516868693,0.17685311787,0.0922803171465,0.0995031638452,0.0481270082701,0.29661627356,0.0096484627631,0.0473267093765,0.021694611267,0.0432828175008,-2.650097314,0.0845728007237,0.0513761555751,-0.0120461485039,0.249289564184
168,GUNLAWNORC,2/15/02,78.21,179,2002-02-15,2002.12328767,526,0.7821,1,0,0,0,0,0,0,0,0,0,0,0,0,0,0,0,0,0,0,0,0,0,0.7821,0.193638454119,0.51436543231,0.32072697819,42.0,0.805291260273,-0.0231912602728,0.124501159274,0.0635463787746,0.0492062431298,0.00180164690549,0.0140553437606,0.00562801803609,0.269550886984,0.0179809195349,-0.058559299506,-5.99025913,0.060954780499,0.0474045962243,-0.0123529014988,-0.255495543223
169,GUNLAWNORC,3/15/02,100.0,4,2002-03-15,2002.2,530,1.0,1,0,0,0,0,0,0,0,0,0,0,0,0,0,0,0,0,0,0,0,0,0,1.0,0.163320971393,0.500950060071,0.337629088679,56.0,0.804991814934,0.195008185066,0.123954271063,0.100937125384,0.0520571726131,0.0367060697441,2.78283052964,0.0407820980652,3.48927519341,0.057673048822,-0.125701824127,-5.305165378,0.0230171456792,0.0153511028691,-0.0168909507569,-0.706444663767
170,GUNLAWNORC,4/15/02,80.13,473,2002-04-15,2002.28493151,535,0.8013,1,0,0,0,0,0,0,0,0,0,0,0,0,0,0,0,0,0,0,0,0,0,0.8013,0.145629802894,0.501647127242,0.356017324348,66.0,0.804636355094,-0.00333635509387,0.146662045822,0.124309286296,0.0744233901698,0.0577385776124,5.0576725878,0.0483211429187,5.00614011324,0.0562609292259,-0.0744589303614,-0.732603472,0.0223527595264,0.0166848125574,-0.00793978630725,0.0515324745614
86,GUNABC,5/8/02,61.05,1028,2002-05-08,2002.34794521,538,0.6105,0,0,0,0,1,0,0,0,0,0,0,0,0,0,0,0,0,0,0,0,0,0,0.793924059044,0.122191928476,0.48938649879,0.367194570314,105.0,0.804433196187,-0.0105091371435,0.147557908698,0.112885351736,0.0549746637611,0.0214984069349,8.55214123376,0.0236036376348,7.13076928485,0.0473715890998,-0.0411290429167,3.684178092,0.034672556962,0.0334762568263,-0.0237679514649,1.42137194891
171,GUNLAWNORC,5/15/02,79.46,185,2002-05-15,2002.36712329,539,0.7946,1,0,0,0,0,0,0,0,0,0,0,0,0,0,0,0,0,0,0,0,0,0,0.7946,0.104758789487,0.485974704513,0.381215915027,113.0,0.804367166726,-0.00976716672644,0.132525187158,0.108621230819,0.0279879709473,0.00775517807752,8.24395134961,0.0450579815073,9.60771741823,0.0641798697474,-0.0391218088633,3.204907311,0.0239039563396,0.0202327928698,-0.0191218882401,-1.36376606862
172,GUNLAWNORC,6/15/02,89.33,75,2002-06-15,2002.45205479,543,0.8933,1,0,0,0,0,0,0,0,0,0,0,0,0,0,0,0,0,0,0,0,0,0,0.8933,0.085167681453,0.479297857051,0.394130175598,117.0,0.804111499749,0.0891885002507,0.130422667689,0.142787549373,0.0128216164659,0.0618635812277,11.4279688279,0.0723698905419,14.3909026737,0.107708146297,-0.0604621214409,0.353051739,-0.0123648816848,-0.0490419647618,-0.0353382557554,-2.96293384578
29,BANGUNSGALLUP,10/14/02,32.99,4,2002-10-14,2002.78356164,561,0.3299,0,0,0,1,0,0,0,0,0,0,0,0,0,0,0,0,0,0,0,0,0,0,0.769566959314,0.307733720537,0.59044739172,0.282713671183,82.0,0.80312641791,-0.0335594585954,0.235822358522,0.106598850696,0.171010172403,0.0652291765642,16.0833339989,0.130851410138,6.57859724147,0.0368405114835,0.103551358504,18.904511861,0.129223507826,0.105780995839,0.094010898654,9.50473675741
63,FIREARMSGALLUP,10/17/02,82.26,1002,2002-10-17,2002.79178082,561,0.8226,0,0,1,0,0,0,0,0,0,0,0,0,0,0,0,0,0,0,0,0,0,0,0.749046883258,0.307733720537,0.59044739172,0.282713671183,82.0,0.80312641791,-0.0540795346517,0.235822358522,0.106598850696,0.171010172403,0.0652291765642,16.0833339989,0.130851410138,6.57859724147,0.0368405114835,0.103551358504,18.904511861,0.129223507826,0.105780995839,0.094010898654,9.50473675741
102,GUNABCHARRIS,10/23/02,54.26,1007,2002-10-23,2002.80821918,562,0.5426,0,0,0,0,0,0,0,0,1,0,0,0,0,0,0,0,0,0,0,0,0,0,0.678053497115,0.326246154707,0.597369501828,0.271123347121,99.0,0.803079456019,-0.125025958904,0.218816890332,0.101372389882,0.13856902622,0.0661108173857,17.8647988056,0.0962983955822,7.69907848432,0.0259921281408,0.161411704255,27.188501352,0.11744450045,0.0724582088347,0.0703062674414,10.1657203213
195,GUNSTRICTCBS,10/27/02,83.58,1018,2002-10-27,2002.81917808,562,0.8358,0,0,0,0,0,0,0,1,0,0,0,0,0,0,0,0,0,0,0,0,0,0,0.727383112523,0.326246154707,0.597369501828,0.271123347121,99.0,0.803079456019,-0.0756963434958,0.218816890332,0.101372389882,0.13856902622,0.0661108173857,17.8647988056,0.0962983955822,7.69907848432,0.0259921281408,0.161411704255,27.188501352,0.11744450045,0.0724582088347,0.0703062674414,10.1657203213
289,STRICTORCGALLUP,1/13/03,60.71,1000,2003-01-13,2003.03287671,574,0.6071,0,0,0,0,0,0,1,0,0,0,0,0,0,0,0,0,0,0,0,0,0,0,0.5996866211,0.222012918711,0.555239634263,0.333226715553,38.0,0.802576532927,-0.202889911827,0.168328812261,0.134979413673,0.0854910488976,0.0940949181795,0.0,0.0,1.51215558009,0.101175094612,-0.141833248448,-30.495048975,0.0333493985885,-0.00860386928197,-0.101175094612,-1.51215558009
103,GUNABCHARRIS,5/21/03,54.74,1012,2003-05-21,2003.38356164,592,0.5474,0,0,0,0,0,0,0,0,1,0,0,0,0,0,0,0,0,0,0,0,0,0,0.682853497115,0.215706318917,0.537215710229,0.321509391313,96.0,0.802015350231,-0.119161853115,0.196237868654,0.110566993035,0.0937822651945,0.0462100424484,11.158417853,0.0723601664308,5.0231332275,0.0203847655532,0.0824177396263,12.4439147,0.0856708756188,0.0475722227461,0.0519754008776,6.13528462545
259,PEWGUN,6/4/03,56.25,1000,2003-06-04,2003.42191781,594,0.5625,0,1,0,0,0,0,0,0,0,0,0,0,0,0,0,0,0,0,0,0,0,0,0.759187000591,0.236342197786,0.543427504117,0.30708530633,103.0,0.801965729429,-0.0427787288379,0.184752983781,0.0845530986926,0.0891228444477,0.0263740700418,9.63993693726,0.0486715288221,1.26018493892,-0.00568570643064,0.110944961221,15.690837049,0.100199885088,0.0627487744059,0.0543572352527,8.37975199835
260,PEWGUN,6/15/03,56.25,4,2003-06-15,2003.45205479,595,0.5625,0,1,0,0,0,0,0,0,0,0,0,0,0,0,0,0,0,0,0,0,0,0,0.759187000591,0.241454203743,0.545740291476,0.304286087733,105.0,0.801941780361,-0.0427547797696,0.187376334217,0.083490254227,0.093205895966,0.0258988106892,10.096957233,0.04226182119,1.56903485142,-0.0102580522205,0.104885233819,16.339139378,0.10388607999,0.0673070852768,0.0525198734105,8.52792238157
30,BANGUNSGALLUP,10/6/03,32.32,4,2003-10-06,2003.76164384,612,0.3232,0,0,0,1,0,0,0,0,0,0,0,0,0,0,0,0,0,0,0,0,0,0,0.762866959314,0.243753381459,0.541901725959,0.2981483445,74.0,0.801611410709,-0.0387444513952,0.147118748995,0.0644956650924,0.0529226030336,0.00685980019151,6.68795924464,0.0336369062653,2.55882951618,0.0115216895903,0.0191522177838,9.727507172,0.082623083903,0.0460628028421,0.022115216675,4.12912972847
41,BANGUNSPEW,11/10/03,83.61,1177,2003-11-10,2003.85753425,617,0.8361,0,0,0,0,0,0,0,0,0,1,0,0,0,0,0,0,0,0,0,0,0,0,1.12744824158,0.236498790409,0.539096666538,0.302597876129,93.0,0.801536656285,0.325911585295,0.123917609703,0.076845383197,0.00186604259568,0.0148673102513,9.31519585717,0.067272947006,5.79709943688,0.0422422754935,-0.0163876835145,12.131815025,0.0470722265056,-0.0130012676556,0.0250306715125,3.51809642029
196,GUNSTRICTCBS,11/10/03,83.61,1177,2003-11-10,2003.85753425,617,0.8361,0,0,0,0,0,0,0,1,0,0,0,0,0,0,0,0,0,0,0,0,0,0,0.727683112523,0.236498790409,0.539096666538,0.302597876129,93.0,0.801536656285,-0.0738535437621,0.123917609703,0.076845383197,0.00186604259568,0.0148673102513,9.31519585717,0.067272947006,5.79709943688,0.0422422754935,-0.0163876835145,12.131815025,0.0470722265056,-0.0130012676556,0.0250306715125,3.51809642029
261,PEWGUN,11/18/03,68.42,469,2003-11-18,2003.87945205,618,0.6842,0,1,0,0,0,0,0,0,0,0,0,0,0,0,0,0,0,0,0,0,0,0,0.880887000591,0.242883975102,0.541555662602,0.2986716875,88.0,0.801522612767,0.079364387824,0.12630711599,0.0780378878116,0.0046636906225,0.0208153895004,8.08492175515,0.0604352800779,5.03600041602,0.0382262853898,0.0160193701023,10.938017979,0.0482692281781,-0.0161516988779,0.0222089946881,3.04892133913
64,FIREARMSGALLUP,1/9/04,90.91,1003,2004-01-09,2004.02185792,625,0.9091,0,0,1,0,0,0,0,0,0,0,0,0,0,0,0,0,0,0,0,0,0,0,0.835546883258,0.349801442028,0.607839854972,0.258038412944,36.0,0.801430896434,0.0341159868237,0.183006489706,0.0907240701285,0.0786264357507,0.0451024955637,0.0,0.0,0.0,0.0,0.113302651619,-9.401535595,0.0922824195773,0.033523940187,0.0,0.0
290,STRICTORCGALLUP,1/12/04,81.54,1004,2004-01-12,2004.03005464,626,0.8154,0,0,0,0,0,0,1,0,0,0,0,0,0,0,0,0,0,0,0,0,0,0,0.8079866211,0.316562898286,0.591271526543,0.274708628257,35.0,0.801418539506,0.00656808159375,0.170986929937,0.0866331530627,0.0623614639096,0.0273540921059,0.0,0.0,0.0,0.0,0.0736789231834,-10.294088369,0.0843537768747,0.0350073718036,0.0,0.0
173,GUNLAWNORC,1/15/04,80.0,5,2004-01-15,2004.03825137,626,0.8,1,0,0,0,0,0,0,0,0,0,0,0,0,0,0,0,0,0,0,0,0,0,0.8,0.316562898286,0.591271526543,0.274708628257,35.0,0.801418539506,-0.00141853950596,0.170986929937,0.0866331530627,0.0623614639096,0.0273540921059,0.0,0.0,0.0,0.0,0.0736789231834,-10.294088369,0.0843537768747,0.0350073718036,0.0,0.0
262,PEWGUN,2/11/04,65.17,1500,2004-02-11,2004.11202186,630,0.6517,0,1,0,0,0,0,0,0,0,0,0,0,0,0,0,0,0,0,0,0,0,0,0.848387000591,0.20122458737,0.524615175239,0.32339058787,46.0,0.801370293864,0.0470167067268,0.160015905013,0.0907559776437,0.0839321422599,0.0230121467698,0.0610979245051,0.00590173814542,0.446927752456,0.0173622089326,-0.0762820714753,-6.839055194,0.0692599273697,0.0609199954901,-0.0114604707871,-0.385829827951
263,PEWGUN,2/15/04,61.05,4,2004-02-15,2004.12295082,630,0.6105,0,1,0,0,0,0,0,0,0,0,0,0,0,0,0,0,0,0,0,0,0,0,0.807187000591,0.20122458737,0.524615175239,0.32339058787,46.0,0.801370293864,0.00581670672677,0.160015905013,0.0907559776437,0.0839321422599,0.0230121467698,0.0610979245051,0.00590173814542,0.446927752456,0.0173622089326,-0.0762820714753,-6.839055194,0.0692599273697,0.0609199954901,-0.0114604707871,-0.385829827951
174,GUNLAWNORC,8/15/04,80.0,165,2004-08-15,2004.62021858,656,0.8,1,0,0,0,0,0,0,0,0,0,0,0,0,0,0,0,0,0,0,0,0,0,0.8,0.344809209245,0.601718513547,0.256909304302,53.0,0.801027551459,-0.00102755145851,0.248639525732,0.0856782040813,0.170708675172,0.0351503270755,9.37559664255,0.0902104331799,3.19206902839,0.0294750462513,0.0108734257869,10.260429287,0.162961321651,0.135558348097,0.0607353869286,6.18352761416
104,GUNABCHARRIS,9/15/04,65.22,4,2004-09-15,2004.70491803,661,0.6522,0,0,0,0,0,0,0,0,1,0,0,0,0,0,0,0,0,0,0,0,0,0,0.787653497115,0.406202707137,0.641021819253,0.234819112116,95.0,0.800938202658,-0.0132847055431,0.32070019071,0.104586820613,0.255291441617,0.0763834961379,20.161104983,0.0564588282883,6.40979166187,0.0141776848083,0.122797578573,27.536457164,0.216113370096,0.178907945479,0.04228114348,13.7513133211
175,GUNLAWNORC,9/15/04,75.55,319,2004-09-15,2004.70491803,661,0.7555,1,0,0,0,0,0,0,0,0,0,0,0,0,0,0,0,0,0,0,0,0,0,0.7555,0.406202707137,0.641021819253,0.234819112116,95.0,0.800938202658,-0.0454382026584,0.32070019071,0.104586820613,0.255291441617,0.0763834961379,20.161104983,0.0564588282883,6.40979166187,0.0141776848083,0.122797578573,27.536457164,0.216113370096,0.178907945479,0.04228114348,13.7513133211
65,FIREARMSGALLUP,10/11/04,83.08,1012,2004-10-11,2004.77595628,665,0.8308,0,0,1,0,0,0,0,0,0,0,0,0,0,0,0,0,0,0,0,0,0,0,0.757246883258,0.418423867505,0.647950054093,0.229526186589,107.0,0.800857169161,-0.0436102859035,0.343825030863,0.115063512186,0.284786362575,0.0903465551976,24.3481910966,0.113434527053,7.85300795384,0.0324933668141,0.0965413036899,27.389695377,0.228761518677,0.194439807378,0.0809411602387,16.4951831428
31,BANGUNSGALLUP,10/11/04,36.36,4,2004-10-11,2004.77595628,665,0.3636,0,0,0,1,0,0,0,0,0,0,0,0,0,0,0,0,0,0,0,0,0,0,0.803266959314,0.418423867505,0.647950054093,0.229526186589,107.0,0.800857169161,0.00240979015283,0.343825030863,0.115063512186,0.284786362575,0.0903465551976,24.3481910966,0.113434527053,7.85300795384,0.0324933668141,0.0965413036899,27.389695377,0.228761518677,0.194439807378,0.0809411602387,16.4951831428
176,GUNLAWNORC,10/15/04,79.17,216,2004-10-15,2004.78688525,665,0.7917,1,0,0,0,0,0,0,0,0,0,0,0,0,0,0,0,0,0,0,0,0,0,0.7917,0.418423867505,0.647950054093,0.229526186589,107.0,0.800857169161,-0.00915716916132,0.343825030863,0.115063512186,0.284786362575,0.0903465551976,24.3481910966,0.113434527053,7.85300795384,0.0324933668141,0.0965413036899,27.389695377,0.228761518677,0.194439807378,0.0809411602387,16.4951831428
177,GUNLAWNORC,11/15/04,86.17,94,2004-11-15,2004.8715847,670,0.8617,1,0,0,0,0,0,0,0,0,0,0,0,0,0,0,0,0,0,0,0,0,0,0.8617,0.251857925111,0.560184054426,0.308326129315,54.0,0.800741973882,0.0609580261185,0.246003648338,0.122410531729,0.158991362967,0.0643575797973,2.5923995548,0.0643642869274,1.76044558793,0.043274308745,-0.169439143749,-25.580299448,0.123593116609,0.0946337831701,0.0210899781824,0.831953966864
178,GUNLAWNORC,12/15/04,86.96,92,2004-12-15,2004.95355191,674,0.8696,1,0,0,0,0,0,0,0,0,0,0,0,0,0,0,0,0,0,0,0,0,0,0.8696,0.218297525774,0.534715707161,0.316418181387,31.0,0.800637299242,0.0689627007582,0.186226989377,0.10547478956,0.0914025642905,0.0286957692515,0.0,0.0,0.782754259072,0.0622572442133,-0.192661596199,-38.438280118,0.0807521998166,0.062706795039,-0.0622572442133,-0.782754259072
291,STRICTORCGALLUP,1/3/05,81.25,1005,2005-01-03,2005.00547945,676,0.8125,0,0,0,0,0,0,1,0,0,0,0,0,0,0,0,0,0,0,0,0,0,0,0.8050866211,0.332789988368,0.603091257947,0.270301269579,38.0,0.800580411722,0.00450620937741,0.176855150769,0.0832061779298,0.0843726321558,0.033926478942,0.0861600478345,0.0125069948169,0.0376108403613,0.00510434323539,-0.026187162349,-20.379878308,0.0936489728397,0.0504461532138,0.00740265158147,0.0485492074732
32,BANGUNSGALLUP,10/13/05,35.35,4,2005-10-13,2005.78082192,716,0.3535,0,0,0,1,0,0,0,0,0,0,0,0,0,0,0,0,0,0,0,0,0,0,0.793166959314,0.222690195769,0.550612310654,0.327922114885,26.0,0.798618812385,-0.00545185307108,0.12421757648,0.0862750733625,0.0155291515167,0.0236025376371,1.3364807388,0.0554949138832,0.57986212103,0.0245447604264,0.116347821662,2.812358615,0.037942503117,-0.00807338612031,0.0309501534568,0.756618617774
66,FIREARMSGALLUP,10/13/05,89.06,1012,2005-10-13,2005.78082192,716,0.8906,0,0,1,0,0,0,0,0,0,0,0,0,0,0,0,0,0,0,0,0,0,0,0.817046883258,0.222690195769,0.550612310654,0.327922114885,26.0,0.798618812385,0.0184280708726,0.12421757648,0.0862750733625,0.0155291515167,0.0236025376371,1.3364807388,0.0554949138832,0.57986212103,0.0245447604264,0.116347821662,2.812358615,0.037942503117,-0.00807338612031,0.0309501534568,0.756618617774
292,STRICTORCGALLUP,1/9/06,78.46,1003,2006-01-09,2006.02191781,729,0.7846,0,0,0,0,0,0,1,0,0,0,0,0,0,0,0,0,0,0,0,0,0,0,0.7771866211,0.508629158174,0.701263186174,0.192634028,46.0,0.797566854467,-0.0203802333669,0.184057150437,0.0442743828973,0.0113985993017,0.00886271203528,5.70340692051,0.131920886294,0.639897010002,0.0164779795979,0.233739359268,8.827781934,0.139782767539,0.00253588726641,0.115442906696,5.06350991051
179,GUNLAWNORC,3/10/06,80.61,4510,2006-03-10,2006.18630137,737,0.8061,1,0,0,0,0,0,0,0,0,0,0,0,0,0,0,0,0,0,0,0,0,0,0.8061,0.310760076583,0.597830853889,0.287070777306,36.0,0.796799802914,0.00930019708633,0.211202351425,0.107073424556,0.130315343962,0.068383118294,0.306947840321,0.0109372221945,1.81802167073,0.0627990416585,-0.197869081591,-12.209578519,0.104128926869,0.0619322256681,-0.051861819464,-1.51107383041
87,GUNABC,10/5/06,62.24,1204,2006-10-05,2006.75890411,767,0.6224,0,0,0,0,1,0,0,0,0,0,0,0,0,0,0,0,0,0,0,0,0,0,0.805824059044,0.39551350072,0.64457335586,0.24905985514,50.0,0.792995239598,0.0128288194453,0.247856836782,0.0773183120466,0.146339906869,0.0409311680326,6.1846130088,0.0926511160246,1.72039028805,0.0236801791896,-0.031792450755,2.683436977,0.170538524735,0.105408738836,0.068970936835,4.46422272075
33,BANGUNSGALLUP,10/9/06,32.65,4,2006-10-09,2006.76986301,768,0.3265,0,0,0,1,0,0,0,0,0,0,0,0,0,0,0,0,0,0,0,0,0,0,0.766166959314,0.445051045772,0.673067977895,0.228016932123,57.0,0.792840435256,-0.026673475942,0.248021808018,0.0746970440613,0.14015103009,0.0422439005361,9.13073688439,0.108952192112,2.43492619544,0.0240635630597,0.0442517633553,10.939135442,0.173324763956,0.0979071295542,0.0848886290519,6.69581068895
67,FIREARMSGALLUP,10/9/06,86.15,1001,2006-10-09,2006.76986301,768,0.8615,0,0,1,0,0,0,0,0,0,0,0,0,0,0,0,0,0,0,0,0,0,0,0.787946883258,0.445051045772,0.673067977895,0.228016932123,57.0,0.792840435256,-0.00489355199833,0.248021808018,0.0746970440613,0.14015103009,0.0422439005361,9.13073688439,0.108952192112,2.43492619544,0.0240635630597,0.0442517633553,10.939135442,0.173324763956,0.0979071295542,0.0848886290519,6.69581068895
293,STRICTORCGALLUP,1/15/07,77.78,1018,2007-01-15,2007.03835616,782,0.7778,0,0,0,0,0,0,1,0,0,0,0,0,0,0,0,0,0,0,0,0,0,0,0.7703866211,0.268250173591,0.593819965227,0.325569791636,22.0,0.790459746965,-0.0200731258648,0.155008992025,0.0694441480217,0.0464892236464,0.0208302700782,0.0,0.0,0.102573963132,0.0120871937531,-0.1566208781,-11.943080352,0.0855648440035,0.0256589535681,-0.0120871937531,-0.102573963132
294,STRICTORCGALLUP,4/17/07,81.03,966,2007-04-17,2007.29041096,795,0.8103,0,0,0,0,0,0,1,0,0,0,0,0,0,0,0,0,0,0,0,0,0,0,0.8028866211,0.200430443457,0.541201702315,0.340771258858,127.0,0.787867683193,0.0150189379072,0.165275200071,0.0961346043614,0.0656305241016,0.0137900691035,17.0697272963,0.0388163899816,9.76319872975,0.0599394627416,-0.0150772280917,18.773928501,0.06914059571,0.0518404549981,-0.02112307276,7.30652856654
264,PEWGUN,4/18/07,65.22,1508,2007-04-18,2007.29315068,795,0.6522,0,1,0,0,0,0,0,0,0,0,0,0,0,0,0,0,0,0,0,0,0,0,0.848887000591,0.200430443457,0.541201702315,0.340771258858,127.0,0.787867683193,0.0610193173986,0.165275200071,0.0961346043614,0.0656305241016,0.0137900691035,17.0697272963,0.0388163899816,9.76319872975,0.0599394627416,-0.0150772280917,18.773928501,0.06914059571,0.0518404549981,-0.02112307276,7.30652856654
42,BANGUNSPEW,4/18/07,40.22,4,2007-04-18,2007.29315068,795,0.4022,0,0,0,0,0,0,0,0,0,1,0,0,0,0,0,0,0,0,0,0,0,0,0.69354824158,0.200430443457,0.541201702315,0.340771258858,127.0,0.787867683193,-0.0943194416121,0.165275200071,0.0961346043614,0.0656305241016,0.0137900691035,17.0697272963,0.0388163899816,9.76319872975,0.0599394627416,-0.0150772280917,18.773928501,0.06914059571,0.0518404549981,-0.02112307276,7.30652856654
198,GUNSTRICTCBS,4/20/07,94.29,644,2007-04-20,2007.29863014,795,0.9429,0,0,0,0,0,0,0,1,0,0,0,0,0,0,0,0,0,0,0,0,0,0,0.834483112523,0.200430443457,0.541201702315,0.340771258858,127.0,0.787867683193,0.0466154293306,0.165275200071,0.0961346043614,0.0656305241016,0.0137900691035,17.0697272963,0.0388163899816,9.76319872975,0.0599394627416,-0.0150772280917,18.773928501,0.06914059571,0.0518404549981,-0.02112307276,7.30652856654
16,BANGUNSCBS,4/20/07,34.02,644,2007-04-20,2007.29863014,795,0.3402,0,0,0,0,0,1,0,0,0,0,0,0,0,0,0,0,0,0,0,0,0,0,0.739740843947,0.200430443457,0.541201702315,0.340771258858,127.0,0.787867683193,-0.048126839246,0.165275200071,0.0961346043614,0.0656305241016,0.0137900691035,17.0697272963,0.0388163899816,9.76319872975,0.0599394627416,-0.0150772280917,18.773928501,0.06914059571,0.0518404549981,-0.02112307276,7.30652856654
197,GUNSTRICTCBS,4/20/07,92.65,1052,2007-04-20,2007.29863014,795,0.9265,0,0,0,0,0,0,0,1,0,0,0,0,0,0,0,0,0,0,0,0,0,0,0.818083112523,0.200430443457,0.541201702315,0.340771258858,127.0,0.787867683193,0.0302154293306,0.165275200071,0.0961346043614,0.0656305241016,0.0137900691035,17.0697272963,0.0388163899816,9.76319872975,0.0599394627416,-0.0150772280917,18.773928501,0.06914059571,0.0518404549981,-0.02112307276,7.30652856654
88,GUNABC,4/22/07,63.54,788,2007-04-22,2007.30410959,795,0.6354,0,0,0,0,1,0,0,0,0,0,0,0,0,0,0,0,0,0,0,0,0,0,0.818824059044,0.200430443457,0.541201702315,0.340771258858,127.0,0.787867683193,0.0309563758511,0.165275200071,0.0961346043614,0.0656305241016,0.0137900691035,17.0697272963,0.0388163899816,9.76319872975,0.0599394627416,-0.0150772280917,18.773928501,0.06914059571,0.0518404549981,-0.02112307276,7.30652856654
2,BANGUNSABC,4/22/07,38.54,788,2007-04-22,2007.30410959,795,0.3854,0,0,0,0,0,0,0,0,0,0,0,0,0,0,0,1,0,0,0,0,0,0,0.808897553564,0.200430443457,0.541201702315,0.340771258858,127.0,0.787867683193,0.0210298703713,0.165275200071,0.0961346043614,0.0656305241016,0.0137900691035,17.0697272963,0.0388163899816,9.76319872975,0.0599394627416,-0.0150772280917,18.773928501,0.06914059571,0.0518404549981,-0.02112307276,7.30652856654
283,STRICTORC,5/4/07,84.75,1001,2007-05-04,2007.3369863,797,0.8475,0,0,0,0,0,0,0,0,0,0,0,0,1,0,0,0,0,0,0,0,0,0,0.957457720523,0.26793230231,0.579674565613,0.311742263303,155.0,0.787434355672,0.170023364851,0.154348116105,0.0838416425183,0.0751172802337,0.0252288304443,19.9492503655,0.061913054924,10.2318799281,0.0195724643267,0.104824961961,34.515891223,0.0705064735869,0.0498884497894,0.0423405905973,9.71737043741
68,FIREARMSGALLUP,10/4/07,86.44,1010,2007-10-04,2007.75616438,819,0.8644,0,0,1,0,0,0,0,0,0,0,0,0,0,0,0,0,0,0,0,0,0,0,0.790846883258,0.264445310278,0.577882385111,0.313437074833,54.0,0.782037248815,0.00880963444324,0.143613933553,0.086336461075,0.0120297762446,0.0167139440418,2.00959392362,0.0410146748344,1.47956507283,0.0295042499103,-0.155147001633,-9.217122712,0.057277472478,-0.00468416779722,0.011510424924,0.53002885079
34,BANGUNSGALLUP,10/4/07,30.61,4,2007-10-04,2007.75616438,819,0.3061,0,0,0,1,0,0,0,0,0,0,0,0,0,0,0,0,0,0,0,0,0,0,0.745766959314,0.264445310278,0.577882385111,0.313437074833,54.0,0.782037248815,-0.0362702895005,0.143613933553,0.086336461075,0.0120297762446,0.0167139440418,2.00959392362,0.0410146748344,1.47956507283,0.0295042499103,-0.155147001633,-9.217122712,0.057277472478,-0.00468416779722,0.011510424924,0.53002885079
265,PEWGUN,11/15/07,56.7,4,2007-11-15,2007.87123288,825,0.567,0,1,0,0,0,0,0,0,0,0,0,0,0,0,0,0,0,0,0,0,0,0,0.763687000591,0.197426721909,0.531808557455,0.334381835545,33.0,0.780366732244,-0.0166797316525,0.142177137092,0.119117949667,0.00598884458189,0.0480346169914,0.0,0.0,0.0312205626732,0.00289524626356,-0.0854542429929,-7.911847387,0.0230591874244,-0.0420457724095,-0.00289524626356,-0.0312205626732
295,STRICTORCGALLUP,1/4/08,78.33,1023,2008-01-04,2008.00819672,832,0.7833,0,0,0,0,0,0,1,0,0,0,0,0,0,0,0,0,0,0,0,0,0,0,0.7758866211,0.232364915734,0.554315958297,0.321951042562,64.0,0.778317068824,-0.00243044772426,0.168991617251,0.13052253529,0.0303668385818,0.0795746599056,7.23380358253,0.0604564681137,5.93992948393,0.0573857845439,-0.053711699205,5.430826314,0.038469081961,-0.0492078213238,0.00307068356987,1.2938740986
296,STRICTORCGALLUP,2/8/08,81.67,1016,2008-02-08,2008.10382514,837,0.8167,0,0,0,0,0,0,1,0,0,0,0,0,0,0,0,0,0,0,0,0,0,0,0.8092866211,0.225601582055,0.548564616745,0.322963034691,55.0,0.776791168854,0.0324954522458,0.181703280089,0.101371454166,0.0466090256876,0.0156632145967,1.03392036457,0.0245145074517,2.21803497006,0.0424697873403,-0.0288522436998,-2.095781055,0.0803318259224,0.0309458110909,-0.0179552798886,-1.18411460549
266,PEWGUN,4/23/08,61.05,1502,2008-04-23,2008.30874317,848,0.6105,0,1,0,0,0,0,0,0,0,0,0,0,0,0,0,0,0,0,0,0,0,0,0.807187000591,0.177626731333,0.526148216,0.348521484667,114.0,0.7732756788,0.0339113217913,0.154579125505,0.111801191343,0.0102014224375,0.0248505324279,11.1797373303,0.0638427455437,7.37107060716,0.0361073152029,-0.0636119752441,3.121499205,0.0427779341619,-0.0146491099904,0.0277354303407,3.80866672315
43,BANGUNSPEW,4/23/08,37.89,1502,2008-04-23,2008.30874317,848,0.3789,0,0,0,0,0,0,0,0,0,1,0,0,0,0,0,0,0,0,0,0,0,0,0.67024824158,0.177626731333,0.526148216,0.348521484667,114.0,0.7732756788,-0.103027437219,0.154579125505,0.111801191343,0.0102014224375,0.0248505324279,11.1797373303,0.0638427455437,7.37107060716,0.0361073152029,-0.0636119752441,3.121499205,0.0427779341619,-0.0146491099904,0.0277354303407,3.80866672315
180,GUNLAWNORC,5/15/08,78.77,1333,2008-05-15,2008.36885246,851,0.7877,1,0,0,0,0,0,0,0,0,0,0,0,0,0,0,0,0,0,0,0,0,0,0.7877,0.188570425945,0.542554660967,0.353984235022,91.0,0.772284491535,0.0154155084651,0.164981747462,0.115890304843,0.0608213613057,0.0550942998899,3.03073218413,0.0439453147861,3.33461376582,0.0430478404502,0.00609659595516,-0.905000408,0.0490914426189,0.0057270614158,0.000897474335963,-0.303881581691
35,BANGUNSGALLUP,10/3/08,29.59,1011,2008-10-03,2008.75409836,871,0.2959,0,0,0,1,0,0,0,0,0,0,0,0,0,0,0,0,0,0,0,0,0,0,0.735566959314,0.164572522985,0.524305483433,0.359732960448,67.0,0.765443860512,-0.0298769011978,0.136392944573,0.109991821413,0.0164057306738,0.0204047269556,0.192173370182,0.0256359374908,0.874863421449,0.0658109464932,0.0573289469715,-4.738446634,0.0264011231602,-0.00399899628184,-0.0401750090025,-0.682690051267
69,FIREARMSGALLUP,10/3/08,85.96,4,2008-10-03,2008.75409836,871,0.8596,0,0,1,0,0,0,0,0,0,0,0,0,0,0,0,0,0,0,0,0,0,0,0.786046883258,0.164572522985,0.524305483433,0.359732960448,67.0,0.765443860512,0.0206030227459,0.136392944573,0.109991821413,0.0164057306738,0.0204047269556,0.192173370182,0.0256359374908,0.874863421449,0.0658109464932,0.0573289469715,-4.738446634,0.0264011231602,-0.00399899628184,-0.0401750090025,-0.682690051267
109,GUNDIF,10/15/08,93.08,2294,2008-10-15,2008.78688525,873,0.9308,0,0,0,0,0,0,0,0,0,0,0,0,0,0,0,0,1,0,0,0,0,0,0.757055240792,0.166886751811,0.530651062509,0.363764310698,53.0,0.76474652719,-0.00769128639768,0.157886226389,0.129401396266,0.0541136714401,0.053670611328,1.65254056584,0.0848924282068,3.38745642321,0.0916751182346,0.00978312118089,-5.608536172,0.0284848301236,0.000443060112137,-0.00678269002776,-1.73491585737
297,STRICTORCGALLUP,1/7/09,79.1,1015,2009-01-07,2009.01643836,885,0.791,0,0,0,0,0,0,1,0,0,0,0,0,0,0,0,0,0,0,0,0,0,0,0.7835866211,0.264584316,0.580949753972,0.316365437972,36.0,0.760556484648,0.0230301364518,0.111593166653,0.0561954922494,0.00570608623417,0.000139653879648,2.09052746013,0.0567040108488,0.487415133322,0.0128481557552,0.0495512564857,1.998878293,0.0553976744036,0.00556643235453,0.0438558550937,1.60311232681
267,PEWGUN,3/31/09,52.13,3013,2009-03-31,2009.24383562,897,0.5213,0,1,0,0,0,0,0,0,0,0,0,0,0,0,0,0,0,0,0,0,0,0,0.717987000591,0.179025493513,0.525032880803,0.346007387289,76.0,0.756405967499,-0.038418966908,0.205758613804,0.127838539864,0.113557672992,0.051103883064,9.01877602676,0.0051865343392,7.44967397944,0.059170205009,-0.174727009578,1.932104905,0.0779200739401,0.0624537899284,-0.0539836706698,1.56910204732
284,STRICTORC,4/3/09,72.22,1001,2009-04-03,2009.25205479,897,0.7222,0,0,0,0,0,0,0,0,0,0,0,0,1,0,0,0,0,0,0,0,0,0,0.832157720523,0.179025493513,0.525032880803,0.346007387289,76.0,0.756405967499,0.0757517530241,0.205758613804,0.127838539864,0.113557672992,0.051103883064,9.01877602676,0.0051865343392,7.44967397944,0.059170205009,-0.174727009578,1.932104905,0.0779200739401,0.0624537899284,-0.0539836706698,1.56910204732
89,GUNABC,4/21/09,51.52,1072,2009-04-21,2009.30136986,900,0.5152,0,0,0,0,1,0,0,0,0,0,0,0,0,0,0,0,0,0,0,0,0,0,0.698624059044,0.28614769967,0.585407066295,0.299259366625,88.0,0.755381396054,-0.0567573370102,0.226520771316,0.108813866548,0.153553572083,0.0523820668196,10.3179769607,0.0219281986531,5.2627229938,0.017050095007,0.0198230048407,12.663736914,0.117706904768,0.101171505263,0.00487810364603,5.05525396686
36,BANGUNSGALLUP,10/1/09,28.28,1013,2009-10-01,2009.74794521,923,0.2828,0,0,0,1,0,0,0,0,0,0,0,0,0,0,0,0,0,0,0,0,0,0,0.722466959314,0.264014252056,0.575691560306,0.31167730825,36.0,0.747787975587,-0.0253210162733,0.14904409175,0.118554812214,0.0285604606321,0.0494719482826,0.537589091534,0.0395935881056,0.0,0.0,0.148092424677,1.853672467,0.030489279536,-0.0209114876505,0.0395935881056,0.537589091534
70,FIREARMSGALLUP,10/1/09,78.57,4,2009-10-01,2009.74794521,923,0.7857,0,0,1,0,0,0,0,0,0,0,0,0,0,0,0,0,0,0,0,0,0,0,0.712146883258,0.264014252056,0.575691560306,0.31167730825,36.0,0.747787975587,-0.0356410923296,0.14904409175,0.118554812214,0.0285604606321,0.0494719482826,0.537589091534,0.0395935881056,0.0,0.0,0.148092424677,1.853672467,0.030489279536,-0.0209114876505,0.0395935881056,0.537589091534
268,PEWGUN,3/10/10,50.0,1500,2010-03-10,2010.18630137,945,0.5,0,1,0,0,0,0,0,0,0,0,0,0,0,0,0,0,0,0,0,0,0,0,0.696687000591,0.0834045344189,0.47491196327,0.391507428851,74.0,0.741058076914,-0.0443710763233,0.118500156897,0.128626367326,0.0145300140804,0.0531214459416,6.19594870134,0.0648946796252,7.77748863565,0.0923583976076,-0.222349796039,-8.504272315,-0.010126210429,-0.0385914318613,-0.0274637179824,-1.58153993431
181,GUNLAWNORC,6/1/10,74.27,2043,2010-06-01,2010.41369863,957,0.7427,1,0,0,0,0,0,0,0,0,0,0,0,0,0,0,0,0,0,0,0,0,0,0.7427,0.19012377234,0.53613253646,0.34600876412,50.0,0.737629425649,0.00507057435144,0.224358740559,0.147848685853,0.160264379347,0.102906915258,5.09133586139,0.13426166458,1.90397937493,0.0671361135335,0.121033578546,4.808055439,0.0765100547067,0.0573574640891,0.0671255510468,3.18735648646
269,PEWGUN,8/25/10,52.08,3509,2010-08-25,2010.64657534,969,0.5208,0,1,0,0,0,0,0,0,0,0,0,0,0,0,0,0,0,0,0,0,0,0,0.717487000591,-0.0406036807568,0.431558191324,0.472161872081,37.0,0.734376173535,-0.0168891729437,0.134731140751,0.166718756506,0.0668867395761,0.0878849208104,0.124730491158,0.00723317755164,0.185122717292,0.00779626939241,-0.190234160636,-11.37794786,-0.031987615755,-0.0209981812344,-0.000563091840773,-0.0603922261335
71,FIREARMSGALLUP,10/7/10,78.57,1025,2010-10-07,2010.76438356,975,0.7857,0,0,1,0,0,0,0,0,0,0,0,0,0,0,0,0,0,0,0,0,0,0,0.712146883258,0.208066635949,0.551915136769,0.343848500821,39.0,0.732816179802,-0.0206692965444,0.127627119289,0.0668902239711,0.0335504798559,0.00632144933354,2.05067150539,0.0699226479031,0.75577909967,0.0279745460559,0.190881380083,6.963186659,0.0607368953176,0.0272290305223,0.0419481018472,1.29489240572
270,PEWGUN,1/13/11,48.42,1000,2011-01-13,2011.03287671,989,0.4842,0,1,0,0,0,0,0,0,0,0,0,0,0,0,0,0,0,0,0,0,0,0,0.680887000591,0.3136120024,0.605620077371,0.292008074971,70.0,0.72935199944,-0.0484649988489,0.166487055603,0.0647110781662,0.0880342212506,0.0184764677904,5.25466925828,0.02104558665,1.47378170286,0.00617458711564,0.0474760376727,10.24285772,0.101775977437,0.0695577534603,0.0148709995344,3.78088755542
90,GUNABC,1/13/11,53.61,1053,2011-01-13,2011.03287671,989,0.5361,0,0,0,0,1,0,0,0,0,0,0,0,0,0,0,0,0,0,0,0,0,0,0.719524059044,0.3136120024,0.605620077371,0.292008074971,70.0,0.72935199944,-0.00982794039636,0.166487055603,0.0647110781662,0.0880342212506,0.0184764677904,5.25466925828,0.02104558665,1.47378170286,0.00617458711564,0.0474760376727,10.24285772,0.101775977437,0.0695577534603,0.0148709995344,3.78088755542
76,FIREARMSNBC,1/13/11,83.87,1000,2011-01-13,2011.03287671,989,0.8387,0,0,0,0,0,0,0,0,0,0,0,0,0,0,1,0,0,0,0,0,0,0,0.692342067713,0.3136120024,0.605620077371,0.292008074971,70.0,0.72935199944,-0.0370099317268,0.166487055603,0.0647110781662,0.0880342212506,0.0184764677904,5.25466925828,0.02104558665,1.47378170286,0.00617458711564,0.0474760376727,10.24285772,0.101775977437,0.0695577534603,0.0148709995344,3.78088755542
17,BANGUNSCBS,1/15/11,32.99,1036,2011-01-15,2011.03835616,989,0.3299,0,0,0,0,0,1,0,0,0,0,0,0,0,0,0,0,0,0,0,0,0,0,0.729440843947,0.3136120024,0.605620077371,0.292008074971,70.0,0.72935199944,8.88445065539e-05,0.166487055603,0.0647110781662,0.0880342212506,0.0184764677904,5.25466925828,0.02104558665,1.47378170286,0.00617458711564,0.0474760376727,10.24285772,0.101775977437,0.0695577534603,0.0148709995344,3.78088755542
271,PEWGUN,2/22/11,49.47,1504,2011-02-22,2011.14246575,995,0.4947,0,1,0,0,0,0,0,0,0,0,0,0,0,0,0,0,0,0,0,0,0,0,0.691387000591,0.323133292008,0.61248908584,0.289355793832,125.0,0.727943950333,-0.0365569497416,0.189836759737,0.0779847630829,0.100397009914,0.0323559784318,20.5224682387,0.0664857317208,8.53823463911,0.0314516574578,-0.0529964792612,30.612287448,0.111851996654,0.0680410314822,0.035034074263,11.9842335996
272,PEWGUN,9/22/11,51.04,2410,2011-09-22,2011.72328767,1025,0.5104,0,1,0,0,0,0,0,0,0,0,0,0,0,0,0,0,0,0,0,0,0,0,0.707087000591,0.263381687606,0.573108875212,0.309727187606,33.0,0.721609527936,-0.0145225273452,0.12837992939,0.0998394032468,0.0439363165307,0.0496668433654,1.98480298027,0.0621524385195,1.6188996627,0.0505511489985,-0.0511613117763,-2.002866288,0.0285405261429,-0.0057305268347,0.011601289521,0.36590331757
72,FIREARMSGALLUP,10/6/11,79.63,1005,2011-10-06,2011.76164384,1027,0.7963,0,0,1,0,0,0,0,0,0,0,0,0,0,0,0,0,0,0,0,0,0,0,0.722746883258,0.276017432643,0.584252337857,0.308234905214,42.0,0.721228993523,0.00151788973495,0.146027938916,0.109120430806,0.0483600155564,0.0545562742004,3.41229945028,0.0582578103936,3.40815438342,0.0712203111146,-0.10244221597,-0.139516936,0.0369075081095,-0.00619625864395,-0.012962500721,0.00414506685286
298,STRICTORCGALLUP,1/5/12,75.95,1011,2012-01-05,2012.01092896,1040,0.7595,0,0,0,0,0,0,1,0,0,0,0,0,0,0,0,0,0,0,0,0,0,0,0.7520866211,0.2909211654,0.5946243832,0.3037032178,70.0,0.718876904973,0.0332097161266,0.155706250841,0.0637364543372,0.07765484147,0.00131925156055,5.0409211466,0.0361446914071,1.4764749628,0.00281651881063,0.0894583501347,10.49280363,0.0919697965034,0.0763355899095,0.0333281725964,3.5644461838
273,PEWGUN,4/4/12,47.87,3008,2012-04-04,2012.2568306,1053,0.4787,0,1,0,0,0,0,0,0,0,0,0,0,0,0,0,0,0,0,0,0,0,0,0.675387000591,0.209574104454,0.547035512648,0.337461408194,108.0,0.71671881015,-0.0413318095592,0.103125029013,0.0794827281428,0.00638688986677,0.0153265274075,8.13791775178,0.0600746268285,7.11938801525,0.0562327817274,-0.151974349022,-0.143549288,0.0236423008704,-0.00893963754072,0.0038418451011,1.01852973653
182,GUNLAWNORC,6/1/12,73.58,1974,2012-06-01,2012.41530055,1061,0.7358,1,0,0,0,0,0,0,0,0,0,0,0,0,0,0,0,0,0,0,0,0,0,0.7358,0.255751112168,0.57306165472,0.317310542551,107.0,0.715472566926,0.0203274330738,0.185908355803,0.100745433485,0.11938071036,0.0589742355511,8.75469093753,0.0827833267901,4.18488406189,0.0396817545868,0.0461770077145,4.731365721,0.0851629223183,0.0604064748094,0.0431015722033,4.56980687564
274,PEWGUN,7/26/12,50.54,1010,2012-07-26,2012.56557377,1069,0.5054,0,1,0,0,0,0,0,0,0,0,0,0,0,0,0,0,0,0,0,0,0,0,0.702087000591,0.319859105533,0.603682885548,0.283823780015,135.0,0.714275409635,-0.0121884090438,0.200197635192,0.0686833902557,0.132104017623,0.032877652445,7.13448667998,0.0142892793888,2.03282876062,0.0112293613365,0.0641079933651,15.815610245,0.131514244936,0.0992263651778,0.00305991805236,5.10165791936
110,GUNDIF,10/15/12,90.74,2056,2012-10-15,2012.78688525,1081,0.9074,0,0,0,0,0,0,0,0,0,0,0,0,0,0,0,0,1,0,0,0,0,0,0.733655240792,0.252370487136,0.573653665341,0.321283178205,44.0,0.712541273339,0.0211139674536,0.139611455493,0.060959967088,0.057385779944,0.00962290050524,0.0,0.0,0.0,0.0,-0.0586153134658,-45.184128475,0.078651488405,0.0477628794388,0.0,0.0
275,PEWGUN,12/17/12,54.95,1219,2012-12-17,2012.95901639,1090,0.5495,0,1,0,0,0,0,0,0,0,0,0,0,0,0,0,0,0,0,0,0,0,0,0.746187000591,0.430043051607,0.657235376293,0.227192324687,351.0,0.711260226634,0.0349267739569,0.234824733581,0.0610526509247,0.168746926073,0.0342366105132,75.9618403454,0.0973430071661,19.1718872375,0.0130187522643,0.13395306433,137.028881712,0.173772082656,0.13451031556,0.0843242549018,56.7899531079
