,Varname,House,Date,Topic,Subcode,L1,L2,L3,L4,C2,C3,C4,C5,Other,Index,Source,N,Totcheck,Agenda1,Agenda2,Scope,raceoutcome,racespenddo,raceaa,aidtoblacks,EqualOpp,Added,date,f_date,period,value,IMMKEPT,IMMLEGAL,CNNIMM,PSRAIMM,SPIMMIG,IMMRATE,mood,tone,pro,anti,stories,prev_mood,mood_diff,pro_max,anti_max,dom_pro,dom_anti,surge_pro_abs,surge_pro,surge_anti_abs,surge_anti,tone_surge,tone_surge_abs,tone_max_diff,tone_dom_diff,surge_diff,surge_diff_abs
68,PSRAIMM,PSRA,5/28/92,120,124,6.0,15.0,0.0,0.0,0.0,0.0,34.0,42.0,3,21.65,USPSRA.070892.R50GG1,3517,100.0,530,0,0,0,0,0,0,0,0,1992-05-28,1992.40437158,21,0.2165,0,0,0,1,0,0,0.486540061521,0.302385714045,0.572356555054,0.269970841009,111.0,0.479073146485,0.00746691503559,0.128287333371,0.0550048753742,0.0337542067617,0.00566492531419,7.79795192678,0.0611837700647,0.965794516667,0.00568207568365,0.186338254795,22.424258171,0.0732824579967,0.0280892814475,0.055501694381,6.83215741011
43,IMMLEGAL,NYT,6/15/93,120,124,7.0,27.0,0.0,0.0,0.0,0.0,0.0,61.0,5,35.79,NYT Release 9/18-22/95,161,100.0,530,0,0,0,0,0,0,0,0,1993-06-15,1993.45205479,75,0.3579,0,1,0,0,0,0,0.362369850229,0.18815587796,0.522149466906,0.333993588946,149.0,0.392668215489,-0.0302983652596,0.0909188933919,0.0984669143264,0.00141564948502,0.0415616993403,10.6732197365,0.0515532032699,9.74960300483,0.0310427056989,0.036091890083,16.934554701,-0.00754802093452,-0.0401460498552,0.020510497571,0.923616731662
44,IMMLEGAL,CBSNYT,6/21/93,120,124,6.0,27.0,0.0,0.0,0.0,0.0,0.0,61.0,2,35.11,USCBSNYT.93JN21.R80,1363,96.0,530,0,0,0,0,0,0,0,0,1993-06-21,1993.46849315,76,0.3511,0,1,0,0,0,0,0.355569850229,0.163289957595,0.511056995554,0.347767037958,168.0,0.391787268194,-0.0362174179648,0.0971836773928,0.0979370258467,0.00781103601075,0.0360075443799,12.4616609716,0.0453563865435,12.0841859687,0.0226053987158,0.0125498274056,18.689785325,-0.000753348453894,-0.0281965083692,0.0227509878277,0.377475002897
16,IMMKEPT,GALLUP,7/9/93,120,124,6.0,27.0,0.0,0.0,0.0,0.0,0.0,65.0,2,33.7,USGALLUP.422002.R06,1002,100.0,530,0,0,0,0,0,0,0,10/15/12,1993-07-09,1993.51780822,78,0.337,1,0,0,0,0,0,0.337,0.140398682215,0.50129340696,0.360894724745,200.0,0.390097205564,-0.0530972055638,0.0926502423627,0.105090776582,0.00842448043947,0.0435190774546,14.2069818588,0.0379420684881,17.9365107096,0.0510268361123,-0.114828016276,13.531814629,-0.0124405342194,-0.0350945970152,-0.0130847676242,-3.7295288508
69,PSRAIMM,PSRA,7/13/94,120,124,5.0,12.0,0.0,0.0,0.0,0.0,35.0,47.0,1,17.17,USPSRA.94JL13.R39M,1009,100.0,530,0,0,0,0,0,0,0,0,1994-07-13,1994.52876712,131,0.1717,0,0,0,1,0,0,0.441740061521,0.124194188383,0.488483588557,0.364289400175,183.0,0.370710855811,0.0710292057104,0.0903927115963,0.0879954336854,0.0294346505177,0.0351839285866,2.83900642416,0.0119057400131,1.04910803845,0.00341612130584,0.0673779890551,13.182414987,0.00239727791096,-0.00574927806899,0.00848961870728,1.7898983857
45,IMMLEGAL,CBSNYT,9/8/94,120,124,6.0,27.0,0.0,0.0,0.0,0.0,0.0,63.0,4,34.38,USCBSNYT.091394.R12,1161,100.0,530,0,0,0,0,0,0,0,0,1994-09-08,1994.68493151,139,0.3438,0,1,0,0,0,0,0.348269850229,0.178934852254,0.498597357257,0.319662505004,272.0,0.370546681238,-0.0222768310084,0.0736701046818,0.0474491863909,0.00333243236801,0.00619749378064,16.8680966724,0.0563467615067,9.54901331793,0.0321903288922,0.0547406638712,25.942743339,0.0262209182909,-0.00286506141263,0.0241564326145,7.31908335448
46,IMMLEGAL,NYT,9/15/94,120,124,6.0,27.0,0.0,0.0,0.0,0.0,0.0,63.0,4,34.38,NYT Release 9/18-22/95,161,100.0,530,0,0,0,0,0,0,0,0,1994-09-15,1994.70410959,140,0.3438,0,1,0,0,0,0,0.348269850229,0.16830670625,0.493796774951,0.325490068701,308.0,0.370561026011,-0.0222911757814,0.0717215250094,0.0475839990441,0.00371331647318,0.0060168537394,19.1681433131,0.0544310729989,10.2364020841,0.0292197905586,0.0414513906997,30.399917197,0.0241375259653,-0.00230353726621,0.0252112824403,8.93174122901
17,IMMKEPT,GALLUP,6/5/95,120,124,7.0,24.0,0.0,0.0,0.0,0.0,0.0,66.0,0,31.96,USGALLUP.95JUN5.R23,1005,97.0,530,0,0,0,0,0,0,0,0,1995-06-05,1995.42465753,178,0.3196,1,0,0,0,0,0,0.3196,0.170712468707,0.50166160086,0.330949132153,215.0,0.377075443404,-0.0574754434042,0.0853661476854,0.074733950235,0.0113536798754,0.0292610612541,7.22848970922,0.0101956609075,5.12629655119,0.0152455820325,0.010874656234,13.047184526,0.0106321974503,-0.0179073813787,-0.00504992112508,2.10219315803
18,IMMKEPT,GALLUP,7/7/95,120,124,8.0,28.0,0.0,0.0,0.0,0.0,0.0,62.0,4,36.7,USGALLUP.95JUL7.R25,801,102.0,530,0,0,0,0,0,0,0,10/15/12,1995-07-07,1995.51232877,182,0.367,1,0,0,0,0,0,0.367,0.174310745028,0.50583370294,0.331522957912,217.0,0.37850521666,-0.0115052166602,0.0938900693696,0.0824021758031,0.0252391159321,0.0469983876408,3.88600079381,0.0118595009149,3.00195892478,0.0124109677523,0.0141022782814,5.623529855,0.0114878935665,-0.0217592717087,-0.000551466837444,0.884041869023
47,IMMLEGAL,CBSNYT,9/18/95,120,124,6.0,30.0,0.0,0.0,0.0,0.0,0.0,55.0,9,39.56,USCBSNYT.95009B.Q55,1536,100.0,530,0,0,0,0,0,0,0,0,1995-09-18,1995.71232877,193,0.3956,0,1,0,0,0,0,0.400069850229,0.170091649123,0.508079691016,0.337988041893,187.0,0.383218297091,0.0168515531378,0.0991999492696,0.0913682576086,0.0271935955558,0.0415573089247,0.813647208331,0.00535067732058,1.17014109015,0.0100981587761,0.00307509631654,-4.435453573,0.00783169166098,-0.014363713369,-0.00474748145554,-0.356493881819
48,IMMLEGAL,CBS,10/23/96,120,124,8.0,35.0,0.0,0.0,0.0,0.0,0.0,50.0,7,46.2,USCBS.96010D.Q57,1528,100.0,530,0,0,0,0,0,0,0,10/15/12,1996-10-23,1996.80874317,250,0.462,0,1,0,0,0,0,0.466469850229,0.140883450884,0.478831392475,0.337947941591,337.0,0.423302524968,0.0431673252615,0.0845520253144,0.0856676418887,0.0136746121156,0.0265108509663,15.1577025037,0.0275591619499,14.4620723263,0.0240953214178,0.0317400485338,21.938166798,-0.00111561657433,-0.0128362388507,0.00346384053209,0.695630177352
65,IMMRATE,NES,11/15/96,120,124,2.0,4.0,0.0,0.0,0.0,0.0,29.0,26.0,39,9.84,sm96.POR V961325 10-19,1335,100.0,530,0,0,0,0,0,0,0,0,1996-11-15,1996.8715847,253,0.0984,0,0,0,0,0,1,0.446075999262,0.0949462644576,0.453991590108,0.359045325651,295.0,0.425965132051,0.0201108672117,0.0813305753615,0.0913459378669,0.00428406362756,0.0284855520927,7.85582149101,0.0180270693907,10.9196997722,0.0277453350951,-0.0684423956138,-13.164794323,-0.0100153625054,-0.0242014884652,-0.00971826570438,-3.06387828122
66,IMMRATE,NES,12/15/96,120,124,0.0,2.0,0.0,0.0,0.0,0.0,35.0,30.0,33,2.99,sm96.POR V961325 10-19,186,100.0,530,0,0,0,0,0,0,0,0,1996-12-15,1996.95355191,257,0.0299,0,0,0,0,0,1,0.377575999262,0.0519462650886,0.443015657658,0.39106939257,158.0,0.429567803824,-0.0519918045619,0.078951551367,0.09567670181,0.00334909842229,0.0285809979587,-0.311605888837,-0.000247672280452,0.0492026431325,0.0145939606261,-0.114236397045,-47.629864593,-0.016725150443,-0.0252318995364,-0.0148416329065,-0.360808531969
70,PSRAIMM,PSRA,11/5/97,120,124,6.0,18.0,0.0,0.0,0.0,0.0,34.0,39.0,3,24.74,USPSRA.042098.R15N,1165,100.0,530,0,0,0,0,0,0,0,0,1997-11-05,1997.84383562,304,0.2474,0,0,0,1,0,0,0.517440061521,0.29379725896,0.573720684629,0.279923425669,251.0,0.470207684574,0.0472323769465,0.124630703173,0.0702765795549,0.0523118729794,0.0201521338064,10.1695047292,0.0497626117999,0.800469323008,0.00592334662048,0.143381263315,31.325801227,0.0543541236177,0.0321597391731,0.0438392651795,9.36903540623
19,IMMKEPT,GALLUP,2/26/99,120,124,10.0,41.0,0.0,0.0,0.0,0.0,0.0,44.0,6,53.68,USGALLUP.99FU26.R27,1013,101.0,530,0,0,0,0,0,0,0,0,1999-02-26,1999.15342466,371,0.5368,1,0,0,0,0,0,0.5368,0.1875102108,0.523609694517,0.336099483717,180.0,0.505437171264,0.031362828736,0.093938720284,0.119107912458,0.00909394233443,0.0631792722846,4.76257446698,0.00908909494087,2.46366836212,-0.00211324432333,0.0207282288153,11.903398304,-0.0251691921736,-0.0540853299502,0.0112023392642,2.29890610486
71,PSRAIMM,PSRA,9/28/99,120,124,6.0,18.0,0.0,0.0,0.0,0.0,34.0,38.0,4,25.0,USPSRA.99NV11.R15N,985,100.0,530,0,0,0,0,0,0,0,0,1999-09-28,1999.73972603,402,0.25,0,0,0,1,0,0,0.520040061521,0.208098847985,0.532937985616,0.324839137631,203.0,0.517487876617,0.00255218490418,0.100758381746,0.0865457230632,0.006450740314,0.0341309567472,0.347379761714,0.0120419940187,1.73292078913,0.0119425937147,-0.0606643392711,-21.721572426,0.0142126586824,-0.0276802164332,9.94003039497e-05,-1.38554102742
20,IMMKEPT,GALLUP,9/11/00,120,124,13.0,41.0,0.0,0.0,0.0,0.0,0.0,38.0,8,58.7,USGALLUP.092200.R01,1008,100.0,530,0,0,0,0,0,0,0,10/15/12,2000-09-11,2000.69398907,452,0.587,1,0,0,0,0,0,0.587,0.275733304133,0.56661787966,0.290884575527,203.0,0.516345373002,0.070654626998,0.0985717623139,0.0777375216636,0.015160091022,0.0271586654152,4.62510023716,0.0328240379012,0.650294129483,0.00502569445142,0.057467350445,4.899627576,0.0208342406503,-0.0119985743933,0.0277983434498,3.97480610767
79,SPIMMIG,NES,9/15/00,10,22,85.0,0.0,0.0,0.0,0.0,0.0,0.0,15.0,0,85.0,NES2000.v000686,520,100.0,530,1201,1,0,0,0,0,0,0,2000-09-15,2000.70491803,452,0.85,0,0,0,0,1,0,0.503168656983,0.275733304133,0.56661787966,0.290884575527,203.0,0.516345373002,-0.0131767160191,0.0985717623139,0.0777375216636,0.015160091022,0.0271586654152,4.62510023716,0.0328240379012,0.650294129483,0.00502569445142,0.057467350445,4.899627576,0.0208342406503,-0.0119985743933,0.0277983434498,3.97480610767
80,SPIMMIG,NES,10/15/00,10,22,80.0,0.0,0.0,0.0,0.0,0.0,0.0,20.0,0,80.0,NES2000.v000686,434,100.0,530,1201,1,0,0,0,0,0,0,2000-10-15,2000.78688525,456,0.8,0,0,0,0,1,0,0.453168656983,0.279815425843,0.565721821067,0.285906395224,255.0,0.514638685651,-0.0614700286679,0.0841218169429,0.0780997031001,0.00418720514822,0.0273490385005,6.10434144204,0.00460512327244,7.36623568658,0.013078000489,0.0220589331747,21.605930505,0.00602211384287,-0.0231618333523,-0.00847287721658,-1.26189424454
81,SPIMMIG,NES,11/3/00,10,22,88.0,0.0,0.0,0.0,0.0,0.0,0.0,12.0,0,88.0,NES2000.v000686,161,100.0,530,1201,1,0,0,0,0,0,0,2000-11-03,2000.83879781,459,0.88,0,0,0,0,1,0,0.533168656983,0.290554066203,0.565584081619,0.275030015416,231.0,0.513216415759,0.0199522412244,0.0817765496407,0.0779643748416,0.00723900223753,0.0315188740161,9.95841307821,0.0389504867565,3.83776782589,0.0147238868086,0.0206345608799,12.054410207,0.00381217479906,-0.0242798717785,0.0242265999479,6.12064525232
21,IMMKEPT,GALLUP,3/26/01,120,124,10.0,41.0,0.0,0.0,0.0,0.0,0.0,43.0,6,54.26,USGALLUP.01MC026.R06,1024,100.0,530,0,0,0,0,0,0,0,0,2001-03-26,2001.23013699,480,0.5426,1,0,0,0,0,0,0.5426,0.32083729222,0.585056000795,0.264218708576,205.0,0.500786362987,0.041813637013,0.105631205512,0.0730789040683,0.0181740490925,0.0305792144018,3.47139306853,0.0205630663584,2.72425548085,0.0224304749231,-0.0449723807268,-22.754295948,0.0325523014432,-0.0124051653092,-0.00186740856468,0.747137587684
22,IMMKEPT,GALLUP,6/11/01,120,124,14.0,42.0,,,,,,41.0,3,57.73,USGALLUP.071801.R01,1004,100.0,530,0,0,0,0,0,0,0,0,2001-06-11,2001.44109589,491,0.5773,1,0,0,0,0,0,0.5773,0.387310689374,0.622692150199,0.235381460826,281.0,0.493592202087,0.0837077979134,0.106267820888,0.0562226814586,0.00418539843507,0.0163779977066,9.52986060997,0.00146680511716,4.54021082141,0.00553465636589,0.0287325601417,39.270146643,0.0500451394292,-0.0121925992716,-0.00406785124873,4.98964978856
49,IMMLEGAL,CBSNYT,9/13/01,120,124,10.0,29.0,0.0,0.0,0.0,0.0,0.0,53.0,8,42.39,USCBSNYT.091501.R31,959,100.0,530,0,0,0,0,0,0,0,0,2001-09-13,2001.69863014,504,0.4239,0,1,0,0,0,0,0.428369850229,0.25903748469,0.533660999643,0.274623514953,339.0,0.485751096836,-0.0573812466069,0.0784628235116,0.0453531259446,0.010959409917,0.00159305432477,13.6315360183,0.0366110254281,4.48925662603,0.0116732768377,-0.106579843855,-20.774639268,0.033109697567,0.00936635559219,0.0249377485904,9.1422793923
50,IMMLEGAL,CBSNYT,9/20/01,120,124,11.0,29.0,0.0,0.0,0.0,0.0,0.0,57.0,3,41.24,USCBSNYT.092401.R51,1216,100.0,530,0,0,0,0,0,0,0,0,2001-09-20,2001.71780822,505,0.4124,0,1,0,0,0,0,0.416869850229,0.203798284669,0.509789343183,0.305991058514,350.0,0.485205781135,-0.0683359309058,0.0735179718912,0.0538315187485,0.00733946215014,0.00537808618564,10.0403432698,0.0225689738006,15.3665873247,0.0418918478301,-0.154265088696,-32.867042015,0.0196864531427,0.0019613759645,-0.0193228740295,-5.32624405491
23,IMMKEPT,GALLUP,10/19/01,120,124,8.0,30.0,0.0,0.0,0.0,0.0,0.0,58.0,4,39.58,USGALLUP.01OC19.R03,1006,100.0,530,0,0,0,0,0,0,0,0,2001-10-19,2001.79726027,509,0.3958,1,0,0,0,0,0,0.3958,0.0709186460254,0.449813598777,0.378894952752,355.0,0.483131260612,-0.087331260612,0.0641435924206,0.132147717078,0.00256941496684,0.0845773745506,17.953358324,0.0493656262079,42.903525164,0.119850433646,-0.24200333207,-76.83644552,-0.0680041246572,-0.0820079595838,-0.0704848074385,-24.95016684
51,IMMLEGAL,CBSNYT,12/7/01,120,124,9.0,29.0,0.0,0.0,0.0,0.0,0.0,59.0,3,39.18,USCBSNYT.121101.R14,1052,100.0,530,0,0,0,0,0,0,0,0,2001-12-07,2001.93150685,516,0.3918,0,1,0,0,0,0,0.396269850229,-0.0239075748479,0.414844743679,0.438752318527,355.0,0.479960381171,-0.0836905309421,0.0744186052597,0.142118513877,0.0158931622259,0.0647020894348,7.28342964215,0.0199024365274,12.4318915506,0.034536255991,-0.121944804831,-42.898256795,-0.0676999086171,-0.0488089272089,-0.0146338194636,-5.14846190844
24,IMMKEPT,GALLUP,6/3/02,120,124,12.0,36.0,,,,,,49.0,3,49.48,USGALLUP.02JN03.R32,1360,100.0,530,0,0,0,0,0,0,0,0,2002-06-03,2002.41917808,542,0.4948,1,0,0,0,0,0,0.4948,0.0550518377298,0.444637903123,0.389586065393,285.0,0.474213176722,0.0205868232775,0.074325625176,0.0834284479395,0.00659371748216,0.0223654948194,5.1038336209,0.0242353773434,1.42818538424,0.00694037591623,0.0199688026582,4.428119495,-0.00910282276351,-0.0157717773372,0.0172950014272,3.67564823666
72,PSRAIMM,PSRA,7/2/02,120,124,5.0,12.0,0.0,0.0,0.0,0.0,31.0,49.0,3,17.53,USPSRA.03VALMER02.Q10N,2502,100.0,530,0,0,0,0,0,0,0,0,2002-07-02,2002.49863014,546,0.1753,0,0,0,1,0,0,0.445340061521,0.0575068479532,0.45356699223,0.396060144277,278.0,0.474186531269,-0.0288464697482,0.0817344228529,0.0948519474666,0.00781179562017,0.0208601939782,2.83750760708,0.0199196310022,3.23627404857,0.0243258275058,0.00158200999592,-2.356443119,-0.0131175246138,-0.013048398358,-0.00440619650362,-0.398766441491
73,PSRAIMM,PSRA,8/19/02,120,124,4.0,12.0,0.0,0.0,0.0,0.0,35.0,46.0,2,16.49,USPSRA.060303B.R37I,1501,99.0,530,0,0,0,0,0,0,0,0,2002-08-19,2002.63013699,553,0.1649,0,0,0,1,0,0,0.434940061521,0.136720865237,0.496135772148,0.359414906911,257.0,0.474627716582,-0.0396876550613,0.0771322432524,0.0868739886823,0.0118367131165,0.0186045215843,3.40683068514,0.0184348040274,1.90661993973,0.0157241797916,0.0994059280353,24.427875389,-0.00974174542991,-0.0067678084678,0.00271062423575,1.50021074541
25,IMMKEPT,GALLUP,9/2/02,120,124,17.0,26.0,0.0,0.0,0.0,0.0,0.0,54.0,3,44.33,USGALLUP.02SP02.R16,1003,100.0,530,0,0,0,0,0,0,0,0,2002-09-02,2002.66849315,555,0.4433,1,0,0,0,0,0,0.4433,0.155656451881,0.502676543581,0.347020091699,236.0,0.474858282323,-0.0315582823233,0.0878344226525,0.0729194802477,0.0176410063492,0.014032508798,0.73519755338,0.00430227740276,1.22863569937,0.00737115549918,0.0905042644674,18.94837548,0.0149149424048,0.00360849755121,-0.00306887809642,-0.493438145989
82,SPIMMIG,NES,11/15/02,10,22,69.0,0.0,0.0,0.0,0.0,0.0,0.0,7.0,24,90.79,NES2002.V023056 ,736,100.0,530,1201,1,0,0,0,0,0,0,2002-11-15,2002.87123288,565,0.9079,0,0,0,0,1,0,0.561068656983,0.157646533601,0.502040838624,0.344394305022,271.0,0.476597546618,0.0844711103652,0.0907388057283,0.0850056499679,0.0241042664555,0.026420449361,3.82772373276,0.0146268357825,5.27329082453,0.020412048816,-0.0281775114349,-8.379401779,0.00573315576037,-0.00231618290548,-0.00578521303345,-1.44556709177
26,IMMKEPT,GALLUP,6/12/03,120,124,13.0,37.0,,,,,,47.0,3,51.55,USGALLUP.03JE012.R15,1385,100.0,530,0,0,0,0,0,0,0,0,2003-06-12,2003.44383562,595,0.5155,1,0,0,0,0,0,0.5155,0.115213438664,0.489373446429,0.374160007764,280.0,0.484978488296,0.0305215117045,0.0879052000998,0.0895289054922,0.0145414857448,0.0239553261903,7.91937002131,0.014380209691,10.1321051022,0.0197345670081,-0.140229484892,-22.405022815,-0.00162370539236,-0.00941384044549,-0.00535435731704,-2.2127350809
52,IMMLEGAL,CBSNYT,7/13/03,120,124,9.0,37.0,0.0,0.0,0.0,0.0,0.0,48.0,6,48.94,USCBSNYT.080203.R030,3092,100.0,530,0,0,0,0,0,0,0,0,2003-07-13,2003.52876712,599,0.4894,0,1,0,0,0,0,0.493869850229,0.133456751279,0.500653710547,0.367196959267,247.0,0.486169356066,0.00770049416354,0.0813792848676,0.0932271132194,0.00594705316414,0.0324991868176,5.5381705358,0.0169051818189,9.54390144732,0.0358151575711,-0.0684411804695,-11.251829487,-0.0118478283518,-0.0265521336534,-0.0189099757522,-4.00573091152
74,PSRAIMM,PSRA,7/14/03,120,124,6.0,13.0,0.0,0.0,0.0,0.0,31.0,46.0,4,19.79,USPSRA.110503.R28NF1,2528,100.0,530,0,0,0,0,0,0,0,0,2003-07-14,2003.53150685,600,0.1979,0,0,0,1,0,0,0.467940061521,0.145572191459,0.506879674756,0.361307483298,242.0,0.486463808749,-0.0185237472279,0.0807902704029,0.0915316442519,0.00305670272569,0.0318384324147,10.3959546164,0.039175312125,7.9589949095,0.0302079284049,-0.0439839075822,-6.473871456,-0.010741373849,-0.028781729689,0.00896738372002,2.43695970685
53,IMMLEGAL,CBSNYT,1/12/04,120,124,16.0,34.0,0.0,0.0,0.0,0.0,0.0,45.0,5,52.63,USCBSNYT.011704.R73,1022,100.0,530,0,0,0,0,0,0,0,0,2004-01-12,2004.03005464,626,0.5263,0,1,0,0,0,0,0.530769850229,0.282101286562,0.550154558622,0.26805327206,352.0,0.493427013596,0.0373428366333,0.0785932555964,0.0474636276047,0.00700729633101,0.00293893520037,16.9747173603,0.0386917980611,5.73192536902,0.00982834197332,0.0566994833825,42.949202075,0.0311296279917,0.00406836113064,0.0288634560877,11.2427919913
27,IMMKEPT,GALLUP,6/9/04,120,124,14.0,33.0,,,,,,49.0,4,48.96,USGALLUP.04JUE09.R33,2250,100.0,530,0,0,0,0,0,0,0,0,2004-06-09,2004.43715847,647,0.4896,1,0,0,0,0,0,0.4896,0.314734446599,0.588011120857,0.273276674258,217.0,0.498128080418,-0.0085280804183,0.0869906716205,0.0599359895011,0.00218977180791,0.0117268305448,2.95963479104,0.0243239749646,0.537759775079,0.00527064015665,0.0628707482172,4.323995523,0.0270546821194,-0.00953705873684,0.0190533348079,2.42187501596
83,SPIMMIG,NES,10/15/04,10,22,53.0,,,,,,,11.0,35,82.81,computed from nes04.dta,1212,99.0,530,1201,1,0,0,0,0,0,0,2004-10-15,2004.78688525,665,0.8281,0,0,0,0,1,0,0.481268656983,0.279416302527,0.56398414425,0.284567841723,220.0,0.501746806861,-0.0204781498782,0.075767975966,0.0741016110549,0.00121065699034,0.033964707092,5.86822835902,0.0245811659691,3.14371302052,0.0132026854688,0.059150729571,16.096878527,0.0016663649111,-0.0327540501016,0.0113784805003,2.72451533851
67,IMMRATE,NES,10/15/04,120,124,3.0,8.0,0.0,0.0,0.0,0.0,27.0,20.0,43,18.97,computed from nes04.dta,1212,101.0,530,0,0,0,0,0,0,0,0,2004-10-15,2004.78688525,665,0.1897,0,0,0,0,0,1,0.537375999262,0.279416302527,0.56398414425,0.284567841723,220.0,0.501746806861,0.0356291924013,0.075767975966,0.0741016110549,0.00121065699034,0.033964707092,5.86822835902,0.0245811659691,3.14371302052,0.0132026854688,0.059150729571,16.096878527,0.0016663649111,-0.0327540501016,0.0113784805003,2.72451533851
28,IMMKEPT,GALLUP,6/6/05,120,124,16.0,34.0,,,,,,46.0,4,52.08,USGALLUP.05JN006.R15,2264,100.0,530,0,0,0,0,0,0,0,0,2005-06-06,2005.42739726,698,0.5208,1,0,0,0,0,0,0.5208,0.107076364495,0.473274780818,0.366198416323,291.0,0.508283239252,0.0125167607485,0.0784590289344,0.0869109753644,0.0238643721643,0.0354749930908,8.56624219621,0.0254281112566,8.13483174517,0.0242127189411,0.0324861228574,12.437071417,-0.00845194643001,-0.0116106209265,0.00121539231547,0.43141045104
54,IMMLEGAL,CBS,7/29/05,120,124,13.0,32.0,0.0,0.0,0.0,0.0,0.0,51.0,4,46.88,USCBS.080705.R32,1222,100.0,530,0,0,0,0,0,0,0,0,2005-07-29,2005.57260274,705,0.4688,0,1,0,0,0,0,0.473269850229,0.156424035326,0.50603827195,0.349614236624,258.0,0.509885467958,-0.0366156177286,0.0922695092926,0.114318139619,0.0166793549863,0.0695404014515,11.289563954,0.0492593050195,3.32503561124,0.0243901519542,0.0491511063153,9.140978772,-0.0220486303266,-0.0528610464653,0.0248691530653,7.96452834278
55,IMMLEGAL,CBS,10/3/05,120,124,11.0,30.0,0.0,0.0,0.0,0.0,0.0,51.0,8,44.57,USCBS.102405.R26,808,100.0,530,0,0,0,0,0,0,0,0,2005-10-03,2005.75342466,715,0.4457,0,1,0,0,0,0,0.450169850229,0.066682149166,0.452400286213,0.385718137047,253.0,0.512469564001,-0.0622997137721,0.0703210739292,0.0897398616643,0.00467513485533,0.037408537029,0.737910983164,0.00349993014991,5.16881673238,0.0230885405761,-0.0840222878666,-24.723840882,-0.0194187877351,-0.0327334021737,-0.0195886104261,-4.43090574922
0,CNNIMM,GALLUP,12/9/05,120,124,41.0,0.0,0.0,0.0,0.0,0.0,0.0,56.0,3,42.27,USGALLUP.05DC009.R10,1003,100.0,530,0,0,0,0,0,0,0,7/28/15,2005-12-09,2005.9369863,724,0.4227,0,0,1,0,0,0,0.505875813999,0.00706198859233,0.413989013505,0.406927024913,287.0,0.515153024545,-0.00927721054628,0.0536411801008,0.0859499385569,0.00463057162114,0.0144919169392,7.09590946206,0.0178691575712,12.4126877415,0.033126901383,-0.0882729146706,-20.090906831,-0.0323087584561,-0.0098613453181,-0.0152577438118,-5.31677827942
29,IMMKEPT,GALLUP,12/9/05,120,124,15.0,31.0,0.0,0.0,0.0,0.0,0.0,51.0,3,47.42,USGALLUP.05DC009.R09,1003,100.0,530,0,0,0,0,0,0,0,0,2005-12-09,2005.9369863,724,0.4742,1,0,0,0,0,0,0.4742,0.00706198859233,0.413989013505,0.406927024913,287.0,0.515153024545,-0.0409530245452,0.0536411801008,0.0859499385569,0.00463057162114,0.0144919169392,7.09590946206,0.0178691575712,12.4126877415,0.033126901383,-0.0882729146706,-20.090906831,-0.0323087584561,-0.0098613453181,-0.0152577438118,-5.31677827942
56,IMMLEGAL,CBS,4/6/06,120,124,16.0,33.0,0.0,0.0,0.0,0.0,0.0,45.0,6,52.13,USCBS.041006A.R22,899,100.0,530,0,0,0,0,0,0,0,0,2006-04-06,2006.26027397,741,0.5213,0,1,0,0,0,0,0.525769850229,0.129728945992,0.455609133239,0.325880187247,799.0,0.521133499657,0.00463635057234,0.0770694189753,0.0788922839969,0.00835907536378,0.0404406072291,50.2097797118,0.0532834198163,43.4011458526,0.0143074515595,0.0551188783708,80.971967291,-0.00182286502165,-0.0320815318653,0.0389759682568,6.80863385926
30,IMMKEPT,GALLUP,4/7/06,120,124,15.0,35.0,,,,,,47.0,4,51.55,USGALLUP.06APR07.R11,1004,101.0,530,0,0,0,0,0,0,0,0,2006-04-07,2006.2630137,741,0.5155,1,0,0,0,0,0,0.5155,0.129728945992,0.455609133239,0.325880187247,799.0,0.521133499657,-0.00563349965676,0.0770694189753,0.0788922839969,0.00835907536378,0.0404406072291,50.2097797118,0.0532834198163,43.4011458526,0.0143074515595,0.0551188783708,80.971967291,-0.00182286502165,-0.0320815318653,0.0389759682568,6.80863385926
57,IMMLEGAL,CBSNYT,5/4/06,120,124,22.0,39.0,0.0,0.0,0.0,0.0,0.0,34.0,5,64.21,USCBSNYT.050906A.R63,1241,100.0,530,0,0,0,0,0,0,0,0,2006-05-04,2006.3369863,745,0.6421,0,1,0,0,0,0,0.646569850229,0.209958089773,0.504993368892,0.295035279119,1258.0,0.522671041131,0.123898809098,0.108731006394,0.0620612747599,0.0386849443638,0.0251971726586,127.05248959,0.0822157027034,53.6417145823,-0.00450921315759,0.110571658443,227.652456636,0.0466697316345,0.0134877717052,0.086724915861,73.4107750073
31,IMMKEPT,GALLUP,6/8/06,120,124,17.0,42.0,0.0,0.0,0.0,0.0,0.0,39.0,2,60.2,USGALLUP.071006.R10,2032,100.0,530,0,0,0,0,0,0,0,0,2006-06-08,2006.43287671,750,0.602,1,0,0,0,0,0,0.602,0.134296834356,0.469811055116,0.33551422076,1067.0,0.524628274225,0.0773717257752,0.0694362141986,0.0670925129379,0.00407185876035,0.0196760809258,11.2913582701,0.00686052819214,23.7363061697,0.0206288685272,-0.0300438671914,-15.78707684,0.00234370126067,-0.0156042221655,-0.0137683403351,-12.4449478996
75,PSRAIMM,PSRA,12/12/06,120,124,6.0,14.0,0.0,0.0,0.0,0.0,34.0,41.0,5,21.05,USPSRA.032207.R20NF1,2007,100.0,530,0,0,0,0,0,0,0,0,2006-12-12,2006.94520548,777,0.2105,0,0,0,1,0,0,0.480540061521,0.10517550716,0.464421189757,0.359245682597,387.0,0.534741029627,-0.0542009681057,0.0848982583848,0.100838047231,0.0182952326241,0.0464049819329,10.3668115577,0.0277905335399,11.7563798683,0.0321530487169,0.0695737405809,26.569019939,-0.0159397888457,-0.0281097493088,-0.00436251517702,-1.38956831058
58,IMMLEGAL,CBSNYT,3/7/07,120,124,18.0,30.0,0.0,0.0,0.0,0.0,0.0,48.0,4,50.0,USCBSNYT.031207.R016,1362,100.0,530,0,0,0,0,0,0,0,0,2007-03-07,2007.17808219,789,0.5,0,1,0,0,0,0,0.504469850229,0.183846246546,0.514311251855,0.330465005309,366.0,0.538339732321,-0.0338698820921,0.0755342414503,0.0920650594177,0.00908838603554,0.0451259208111,6.9369791652,0.0172056016213,2.93629624381,0.00742665616026,0.0654894676815,26.099567191,-0.0165308179674,-0.0360375347756,0.00977894546108,4.00068292139
76,PSRAIMM,PSRA,4/23/07,120,124,8.0,15.0,0.0,0.0,0.0,0.0,31.0,44.0,3,23.47,USPSRA.100407.R022F,2026,101.0,530,0,0,0,0,0,0,0,0,2007-04-23,2007.30684932,796,0.2347,0,0,0,1,0,0,0.504740061521,0.189046555053,0.509003095968,0.319956540915,375.0,0.540054705033,-0.0353146435119,0.0863703869377,0.080282327613,0.0266843474812,0.0295928195409,7.5863859429,0.0142700696158,5.48201298469,0.0114755622854,0.0324109231347,17.009800765,0.00608805932473,-0.00290847205975,0.00279450733036,2.10437295821
59,IMMLEGAL,CBSNYT,5/18/07,120,124,20.0,39.0,0.0,0.0,0.0,0.0,0.0,35.0,6,62.77,USCBSNYT.052407A.R50,1125,100.0,530,0,0,0,0,0,0,0,0,2007-05-18,2007.37534247,799,0.6277,0,1,0,0,0,0,0.632169850229,0.23058437789,0.516585529436,0.286001151546,445.0,0.540696165856,0.0914736843727,0.0767098838555,0.0655718892504,0.00939900967023,0.0120726551383,14.0950607413,0.0246557602857,8.27745344551,0.0131623361007,0.0338642856457,26.872812647,0.0111379946051,-0.00267364546807,0.011493424185,5.81760729583
32,IMMKEPT,GALLUP,6/4/07,120,124,16.0,35.0,,,,,,45.0,4,53.13,USGALLUP.07JUNE04.R13,2388,100.0,530,0,0,0,0,0,0,0,0,2007-06-04,2007.42191781,802,0.5313,1,0,0,0,0,0,0.5313,0.217930551133,0.490007953694,0.272077402562,648.0,0.541280255589,-0.00998025558937,0.106019018345,0.0683643190721,0.0499218463139,0.0262138606278,47.0819437191,0.0503015436842,24.9261564418,0.0184315295956,0.0460739474497,74.538634905,0.0376546992724,0.0237079856861,0.0318700140886,22.1557872772
33,IMMKEPT,GALLUP,6/5/08,120,124,18.0,39.0,,,,,,39.0,3,59.38,USGALLUP.08JUNE5.R10,1935,99.0,530,0,0,0,0,0,0,0,0,2008-06-05,2008.42622951,854,0.5938,1,0,0,0,0,0,0.5938,0.189650571072,0.522567421462,0.332916850391,279.0,0.54325436131,0.05054563869,0.0694805420105,0.0946486537498,0.00435130313616,0.0517103078813,9.65821039107,0.0313035967268,1.8225085095,0.00527914847497,0.161821473963,46.010893246,-0.0251681117393,-0.0473590047452,0.0260244482519,7.83570188158
60,IMMLEGAL,CBSNYT,7/7/08,120,124,23.0,38.0,0.0,0.0,0.0,0.0,0.0,32.0,7,65.59,USCBSNYT.071508B.R69,1796,100.0,530,0,0,0,0,0,0,0,0,2008-07-07,2008.5136612,859,0.6559,0,1,0,0,0,0,0.660369850229,0.155935801598,0.504000593187,0.348064791589,219.0,0.542872303881,0.117497546348,0.0726320552232,0.110242894716,0.00651342558486,0.0676940258541,-0.110511028565,0.00429928558886,0.672066344927,0.00667064320602,-0.00759492796264,-14.2551554,-0.0376108394928,-0.0611806002692,-0.00237135761716,-0.782577373492
84,SPIMMIG,NES,10/15/08,10,22,49.8,,,,,,1.0,13.2,36,77.81,NES08-V083149,2272,100.0,530,1201,1,0,0,0,0,0,7/20/13,2008-10-15,2008.78688525,873,0.7781,0,0,0,0,1,0,0.431268656983,0.0358381948447,0.44163862559,0.405800430745,161.0,0.541602302003,-0.11033364502,0.0754058251613,0.168099929381,0.0060632773177,0.107690807355,0.686082872195,0.00701213310625,4.09496593918,0.0617613984033,-0.100508099484,-23.680850205,-0.0926941042194,-0.101627530037,-0.0547492652971,-3.40888306699
77,PSRAIMM,PSRA,3/31/09,120,124,6.0,17.0,0.0,0.0,0.0,0.0,29.0,44.0,4,23.96,USPSRA.052109.R30NF1,3013,100.0,530,0,0,0,0,0,0,0,0,2009-03-31,2009.24383562,897,0.2396,0,0,0,1,0,0,0.509640061521,0.214362896971,0.538535551565,0.324172654593,209.0,0.53930621259,-0.0296661510688,0.0827963084616,0.0905471703036,0.00201786450394,0.0357410262277,11.4478744418,0.0326826886893,6.57463654281,-0.0187424053658,0.0566478945377,26.980050192,-0.00775086184199,-0.0337231617237,0.0514250940551,4.87323789902
34,IMMKEPT,GALLUP,7/10/09,120,124,14.0,32.0,0.0,0.0,0.0,0.0,0.0,50.0,4,47.9,USGALLUP.080509.R01,1018,100.0,530,0,0,0,0,0,0,0,10/15/12,2009-07-10,2009.52054795,911,0.479,1,0,0,0,0,0,0.479,0.117870465801,0.468142799486,0.350272333685,146.0,0.538328485101,-0.0593284851014,0.093980552872,0.113544665055,0.0328533855894,0.0550750677804,-0.151587016555,-0.000243880460048,-0.0487064347273,0.000232147202213,-0.0702748748317,-23.806596251,-0.0195641121832,-0.022221682191,-0.000476027662261,-0.102880581828
61,IMMLEGAL,CBSNYT,4/5/10,120,124,16.0,35.0,,,,,,41.0,8,55.43,PollingReport.com,1580,100.0,530,0,0,0,0,0,0,0,0,2010-04-05,2010.25753425,949,0.5543,0,1,0,0,0,0,0.558769850229,0.248498324254,0.536895147888,0.288396823633,169.0,0.540702290539,0.0180675596906,0.101320474912,0.0707998245955,0.0150563317658,0.0225418375994,6.94812838269,0.0474843274123,1.12322396636,0.0106509421064,-0.038551895354,-12.256274707,0.030520650316,-0.00748550583359,0.0368333853058,5.82490441633
62,IMMLEGAL,CBSNYT,4/28/10,120,124,17.0,44.0,0.0,0.0,0.0,0.0,0.0,31.0,8,66.3,USCBSNYT.050310A.R61,1079,100.0,530,0,0,0,0,0,0,0,10/15/12,2010-04-28,2010.32054795,952,0.663,0,1,0,0,0,0,0.667469850229,0.184453934901,0.497220081076,0.312766146175,343.0,0.541387932455,0.126081917774,0.0939776545045,0.0596651960859,0.00597679730447,0.00267991288321,23.2683109912,0.0361323351247,14.9417928765,0.0240305549182,-0.0674494923636,24.222668445,0.0343124584187,0.00329688442126,0.0121017802065,8.32651811471
1,CNNIMM,ORC,5/21/10,120,124,38.0,0.0,0.0,0.0,0.0,0.0,0.0,60.0,2,38.78,USORC.052610.R35,1023,100.0,530,0,0,0,0,0,0,0,7/28/15,2010-05-21,2010.38356164,955,0.3878,0,0,1,0,0,0,0.470975813999,0.122447515353,0.465316278518,0.342868763165,442.0,0.542162565414,-0.0711867514147,0.0969267921603,0.0693053506025,0.0207086086527,0.00436270166692,33.0644661812,0.0304153911154,25.017353399,0.0311039113693,-0.101858562994,21.148808269,0.0276214415578,0.0163459069858,-0.00068852025392,8.04711278223
35,IMMKEPT,GALLUP,7/8/10,120,124,17.0,34.0,0.0,0.0,0.0,0.0,0.0,45.0,4,53.13,USGALLUP.10JUY08.R08,1020,100.0,530,0,0,0,0,0,0,0,0,2010-07-08,2010.51506849,962,0.5313,1,0,0,0,0,0,0.5313,0.0500967331395,0.431698897558,0.381602164418,380.0,0.544323439595,-0.0130234395953,0.0852104409928,0.080061679966,0.0178939523041,0.00122459913398,2.63853478916,0.00784871721065,7.15478725,0.0199490302493,-0.0737194704958,-32.223149712,0.00514876102686,0.0166693531701,-0.0121003130387,-4.51625246083
2,CNNIMM,ORC,7/16/10,120,124,42.0,0.0,0.0,0.0,0.0,0.0,0.0,57.0,1,42.42,USORC.072610A.R23,1018,100.0,530,0,0,0,0,0,0,0,7/28/15,2010-07-16,2010.5369863,963,0.4242,0,0,1,0,0,0,0.507375813999,0.0280879186891,0.420810526228,0.392722607539,386.0,0.544672890266,-0.0372970762672,0.0793766407739,0.0843751875729,0.0108080403631,0.00683099019359,2.11736035606,0.00813770318924,5.95291964839,0.0174787394499,-0.0943595966638,-43.279865172,-0.00499854679897,0.00397705016956,-0.00934103626068,-3.83555929232
36,IMMKEPT,GALLUP,6/9/11,120,124,18.0,35.0,0.0,0.0,0.0,0.0,0.0,43.0,4,55.2,USGALLUP.11JE09.R11,1020,100.0,530,0,0,0,0,0,0,0,10/15/12,2011-06-09,2011.43561644,1010,0.552,1,0,0,0,0,0,0.552,0.117143426026,0.470309921951,0.353166495925,308.0,0.57165459553,-0.0196545955299,0.0921587924815,0.0719756842137,0.00603257453649,0.00235960846288,12.5172147732,0.0305323276519,6.77662182627,0.0108967599615,0.0155087605657,10.46823952,0.0201831082678,0.00367296607361,0.0196355676903,5.74059294691
63,IMMLEGAL,CBSNYT,9/10/11,120,124,19.0,36.0,0.0,0.0,0.0,0.0,0.0,38.0,7,59.14,USCBSNYT.091611A.R091,1452,,530,0,0,0,0,0,0,0,0,2011-09-10,2011.69041096,1023,0.5914,0,1,0,0,0,0,0.595869850229,0.145320105419,0.491655679682,0.346335574263,217.0,0.582081928906,0.0137879213234,0.114404043277,0.0857423398387,0.0544376155882,0.0202230617768,0.373256908495,0.00927152815295,0.911536451782,0.0107001550831,-0.0210649787099,-12.22481425,0.0286617034387,0.0342145538115,-0.00142862693011,-0.538279543287
3,CNNIMM,ORC,11/18/11,120,124,42.0,0.0,0.0,0.0,0.0,0.0,0.0,55.0,3,43.3,USORC.112111B.R10,1019,100.0,530,0,0,0,0,0,0,0,7/28/15,2011-11-18,2011.87945205,1033,0.433,0,0,1,0,0,0,0.516175813999,0.131493156263,0.483004962972,0.351511806709,285.0,0.59068802906,-0.0745122150612,0.0980071360197,0.0948809987247,0.0283291888175,0.0303485979213,8.47314477452,0.018623820843,12.7636844616,0.0308567826935,0.0115544140345,10.729210018,0.00312613729505,-0.00201940910378,-0.0122329618506,-4.29053968707
78,PSRAIMM,PSRA,4/4/12,120,124,9.0,19.0,0.0,0.0,0.0,0.0,28.0,40.0,4,29.2,USPSRA.060412.R40NF1,3008,100.0,530,0,0,0,0,0,0,0,10/15/12,2012-04-04,2012.2568306,1053,0.292,0,0,0,1,0,0,0.562040061521,0.209579774615,0.525757128914,0.316177354299,174.0,0.608659365808,-0.046619304287,0.117364802577,0.0899623056231,0.0509496770454,0.0206494216923,3.59196860606,0.0251495129076,4.23663303766,0.0308078592979,-0.0255712777996,-8.917272333,0.0274024969538,0.0303002553531,-0.00565834639038,-0.644664431602
37,IMMKEPT,GALLUP,6/7/12,120,124,21.0,42.0,0.0,0.0,0.0,0.0,0.0,35.0,3,64.29,USGALLUP.12JUNE007.R12,1004,101.0,530,0,0,0,0,0,0,0,7/25/15,2012-06-07,2012.43169399,1062,0.6429,1,0,0,0,0,0,0.6429,0.187056464477,0.495470979464,0.308414514986,222.0,0.616574896492,0.0263251035075,0.100626183509,0.0865217568588,0.0211059088321,0.0205734346549,7.92396283517,0.0229531924495,7.38856937286,0.0178051251739,-0.0273968793132,4.640559982,0.0141044266506,0.000532474177235,0.00514806727551,0.535393462311
4,CNNIMM,ORC,9/25/12,120,124,77.0,0.0,0.0,0.0,0.0,0.0,0.0,21.0,2,78.57,USORC.100412.R14,601,100.0,530,0,0,0,0,0,0,0,7/28/15,2012-09-25,2012.73224044,1078,0.7857,0,0,1,0,0,0,0.868875813999,0.321237604105,0.574211822143,0.252974218038,237.0,0.629020782446,0.239855031553,0.13206449428,0.0759183841635,0.0449405134298,0.0341713118914,0.794008138365,0.0360844555979,-0.00562903893953,0.00219172031185,0.0974768048767,-10.909638727,0.0561461101165,0.0107692015384,0.0338927352861,0.799637177304
5,CNNIMM,ORC,9/28/12,120,124,56.0,0.0,0.0,0.0,0.0,0.0,0.0,39.0,5,58.95,USORC.100212.R12,1013,100.0,530,0,0,0,0,0,0,0,7/28/15,2012-09-28,2012.74043716,1078,0.5895,0,0,1,0,0,0,0.672675813999,0.321237604105,0.574211822143,0.252974218038,237.0,0.629020782446,0.0436550315525,0.13206449428,0.0759183841635,0.0449405134298,0.0341713118914,0.794008138365,0.0360844555979,-0.00562903893953,0.00219172031185,0.0974768048767,-10.909638727,0.0561461101165,0.0107692015384,0.0338927352861,0.799637177304
